3,"135790246812345,2016-07-19 00:00:26"
6,"[LBS MOVE] rest dur(0,0) cur(40969,28718) [0](40969,28718) [1](20241,28718)"
8,"[LBS MOVE] A+A: ci=40969, lac=28718"
31,"135790246812345,2016-07-19 00:02:26"
34,"[LBS MOVE] rest dur(0,0) cur(40969,28718) [0](40969,28718) [1](20241,28718)"
36,"[LBS MOVE] A+A: ci=40969, lac=28718"
59,"135790246812345,2016-07-19 00:04:26"
62,"[LBS MOVE] rest dur(0,0) cur(40969,28718) [0](40969,28718) [1](20241,28718)"
64,"[LBS MOVE] A+A: ci=40969, lac=28718"
80,"135790246812345,2016-07-19 00:06:26"
83,"[LBS MOVE] rest dur(0,0) cur(40969,28718) [0](40969,28718) [1](20241,28718)"
85,"[LBS MOVE] A+A: ci=40969, lac=28718"
108,"135790246812345,2016-07-19 00:08:26"
111,"[LBS MOVE] rest dur(0,0) cur(40969,28718) [0](40969,28718) [1](20241,28718)"
113,"[LBS MOVE] A+A: ci=40969, lac=28718"
135,"135790246812345,2016-07-19 00:10:03"
138,"[LBS MOVE] rest dur(0,0) cur(40969,28718) [0](40969,28718) [1](20241,28718)"
140,"[LBS MOVE] A+A: ci=40969, lac=28718"
152,"135790246812345,2016-07-19 00:10:38"
155,"[LBS MOVE] rest dur(0,0) cur(40969,28718) [0](40969,28718) [1](20241,28718)"
157,"[LBS MOVE] A+A: ci=40969, lac=28718"
173,"135790246812345,2016-07-19 00:12:26"
176,"[LBS MOVE] rest dur(0,0) cur(40969,28718) [0](40969,28718) [1](20241,28718)"
178,"[LBS MOVE] A+A: ci=40969, lac=28718"
201,"135790246812345,2016-07-19 00:14:26"
204,"[LBS MOVE] rest dur(0,0) cur(40969,28718) [0](40969,28718) [1](20241,28718)"
206,"[LBS MOVE] A+A: ci=40969, lac=28718"
229,"135790246812345,2016-07-19 00:16:25"
232,"[LBS MOVE] rest dur(0,0) cur(40969,28718) [0](40969,28718) [1](20241,28718)"
234,"[LBS MOVE] A+A: ci=40969, lac=28718"
250,"135790246812345,2016-07-19 00:18:26"
253,"[LBS MOVE] rest dur(0,0) cur(40969,28718) [0](40969,28718) [1](20241,28718)"
255,"[LBS MOVE] A+A: ci=40969, lac=28718"
278,"135790246812345,2016-07-19 00:20:26"
281,"[LBS MOVE] rest dur(0,0) cur(40969,28718) [0](40969,28718) [1](20241,28718)"
283,"[LBS MOVE] A+A: ci=40969, lac=28718"
306,"135790246812345,2016-07-19 00:22:26"
309,"[LBS MOVE] rest dur(0,0) cur(40969,28718) [0](40969,28718) [1](20241,28718)"
311,"[LBS MOVE] A+A: ci=40969, lac=28718"
327,"135790246812345,2016-07-19 00:24:26"
330,"[LBS MOVE] rest dur(0,0) cur(40969,28718) [0](40969,28718) [1](20241,28718)"
332,"[LBS MOVE] A+A: ci=40969, lac=28718"
355,"135790246812345,2016-07-19 00:26:26"
358,"[LBS MOVE] rest dur(0,0) cur(40969,28718) [0](40969,28718) [1](20241,28718)"
360,"[LBS MOVE] A+A: ci=40969, lac=28718"
379,"135790246812345,2016-07-19 00:28:12"
382,"[LBS MOVE] rest dur(0,0) cur(40969,28718) [0](40969,28718) [1](20241,28718)"
384,"[LBS MOVE] A+A: ci=40969, lac=28718"
396,"135790246812345,2016-07-19 00:28:47"
399,"[LBS MOVE] rest dur(0,0) cur(40969,28718) [0](40969,28718) [1](20241,28718)"
401,"[LBS MOVE] A+A: ci=40969, lac=28718"
417,"135790246812345,2016-07-19 00:30:26"
420,"[LBS MOVE] rest dur(0,0) cur(40969,28718) [0](40969,28718) [1](20241,28718)"
422,"[LBS MOVE] A+A: ci=40969, lac=28718"
445,"135790246812345,2016-07-19 00:32:26"
448,"[LBS MOVE] rest dur(0,0) cur(40969,28718) [0](40969,28718) [1](20241,28718)"
450,"[LBS MOVE] A+A: ci=40969, lac=28718"
473,"135790246812345,2016-07-19 00:34:26"
476,"[LBS MOVE] rest dur(0,0) cur(40969,28718) [0](40969,28718) [1](20241,28718)"
478,"[LBS MOVE] A+A: ci=40969, lac=28718"
494,"135790246812345,2016-07-19 00:36:26"
497,"[LBS MOVE] rest dur(0,0) cur(40969,28718) [0](40969,28718) [1](20241,28718)"
499,"[LBS MOVE] A+A: ci=40969, lac=28718"
522,"135790246812345,2016-07-19 00:38:26"
525,"[LBS MOVE] rest dur(0,0) cur(40969,28718) [0](40969,28718) [1](20241,28718)"
527,"[LBS MOVE] A+A: ci=40969, lac=28718"
550,"135790246812345,2016-07-19 00:40:26"
553,"[LBS MOVE] rest dur(0,0) cur(40969,28718) [0](40969,28718) [1](20241,28718)"
555,"[LBS MOVE] A+A: ci=40969, lac=28718"
571,"135790246812345,2016-07-19 00:42:27"
574,"[LBS MOVE] rest dur(0,0) cur(40969,28718) [0](40969,28718) [1](20241,28718)"
576,"[LBS MOVE] A+A: ci=40969, lac=28718"
599,"135790246812345,2016-07-19 00:44:26"
602,"[LBS MOVE] rest dur(0,0) cur(40969,28718) [0](40969,28718) [1](20241,28718)"
604,"[LBS MOVE] A+A: ci=40969, lac=28718"
627,"135790246812345,2016-07-19 00:46:26"
630,"[LBS MOVE] rest dur(0,0) cur(40969,28718) [0](40969,28718) [1](20241,28718)"
632,"[LBS MOVE] A+A: ci=40969, lac=28718"
648,"135790246812345,2016-07-19 00:48:27"
651,"[LBS MOVE] rest dur(0,0) cur(40969,28718) [0](40969,28718) [1](20241,28718)"
653,"[LBS MOVE] A+A: ci=40969, lac=28718"
676,"135790246812345,2016-07-19 00:50:27"
679,"[LBS MOVE] rest dur(0,0) cur(40969,28718) [0](40969,28718) [1](20241,28718)"
681,"[LBS MOVE] A+A: ci=40969, lac=28718"
703,"135790246812345,2016-07-19 00:52:28"
707,"[LBS MOVE] rest dur(0,0) cur(40969,28718) [0](40969,28718) [1](20241,28718)"
709,"[LBS MOVE] A+A: ci=40969, lac=28718"
725,"135790246812345,2016-07-19 00:54:27"
728,"[LBS MOVE] rest dur(0,0) cur(40969,28718) [0](40969,28718) [1](20241,28718)"
730,"[LBS MOVE] A+A: ci=40969, lac=28718"
753,"135790246812345,2016-07-19 00:56:26"
756,"[LBS MOVE] rest dur(0,0) cur(40969,28718) [0](40969,28718) [1](20241,28718)"
758,"[LBS MOVE] A+A: ci=40969, lac=28718"
780,"135790246812345,2016-07-19 00:58:29"
784,"[LBS MOVE] rest dur(0,0) cur(40969,28718) [0](40969,28718) [1](20241,28718)"
786,"[LBS MOVE] A+A: ci=40969, lac=28718"
802,"135790246812345,2016-07-19 01:00:27"
805,"[LBS MOVE] rest dur(0,0) cur(40969,28718) [0](40969,28718) [1](20241,28718)"
807,"[LBS MOVE] A+A: ci=40969, lac=28718"
830,"135790246812345,2016-07-19 01:02:27"
833,"[LBS MOVE] rest dur(0,0) cur(40969,28718) [0](40969,28718) [1](20241,28718)"
835,"[LBS MOVE] A+A: ci=40969, lac=28718"
857,"135790246812345,2016-07-19 01:04:31"
861,"[LBS MOVE] rest dur(0,0) cur(40969,28718) [0](40969,28718) [1](20241,28718)"
863,"[LBS MOVE] A+A: ci=40969, lac=28718"
879,"135790246812345,2016-07-19 01:06:27"
882,"[LBS MOVE] rest dur(0,0) cur(40969,28718) [0](40969,28718) [1](20241,28718)"
884,"[LBS MOVE] A+A: ci=40969, lac=28718"
907,"135790246812345,2016-07-19 01:08:27"
910,"[LBS MOVE] rest dur(0,0) cur(40969,28718) [0](40969,28718) [1](20241,28718)"
912,"[LBS MOVE] A+A: ci=40969, lac=28718"
934,"135790246812345,2016-07-19 01:10:32"
938,"[LBS MOVE] rest dur(0,0) cur(40969,28718) [0](40969,28718) [1](20241,28718)"
940,"[LBS MOVE] A+A: ci=40969, lac=28718"
956,"135790246812345,2016-07-19 01:12:27"
959,"[LBS MOVE] rest dur(0,0) cur(40969,28718) [0](40969,28718) [1](20241,28718)"
961,"[LBS MOVE] A+A: ci=40969, lac=28718"
984,"135790246812345,2016-07-19 01:14:27"
987,"[LBS MOVE] rest dur(0,0) cur(40969,28718) [0](40969,28718) [1](20241,28718)"
989,"[LBS MOVE] A+A: ci=40969, lac=28718"
1011,"135790246812345,2016-07-19 01:16:35"
1015,"[LBS MOVE] rest dur(0,0) cur(40969,28718) [0](40969,28718) [1](20241,28718)"
1017,"[LBS MOVE] A+A: ci=40969, lac=28718"
1033,"135790246812345,2016-07-19 01:18:27"
1036,"[LBS MOVE] rest dur(0,0) cur(40969,28718) [0](40969,28718) [1](20241,28718)"
1038,"[LBS MOVE] A+A: ci=40969, lac=28718"
1061,"135790246812345,2016-07-19 01:20:27"
1064,"[LBS MOVE] rest dur(0,0) cur(40969,28718) [0](40969,28718) [1](20241,28718)"
1066,"[LBS MOVE] A+A: ci=40969, lac=28718"
1088,"135790246812345,2016-07-19 01:22:40"
1092,"[LBS MOVE] rest dur(0,0) cur(40969,28718) [0](40969,28718) [1](20241,28718)"
1094,"[LBS MOVE] A+A: ci=40969, lac=28718"
1110,"135790246812345,2016-07-19 01:24:27"
1113,"[LBS MOVE] rest dur(0,0) cur(40969,28718) [0](40969,28718) [1](20241,28718)"
1115,"[LBS MOVE] A+A: ci=40969, lac=28718"
1138,"135790246812345,2016-07-19 01:26:28"
1141,"[LBS MOVE] rest dur(0,0) cur(40969,28718) [0](40969,28718) [1](20241,28718)"
1143,"[LBS MOVE] A+A: ci=40969, lac=28718"
1165,"135790246812345,2016-07-19 01:28:43"
1169,"[LBS MOVE] rest dur(0,0) cur(40969,28718) [0](40969,28718) [1](20241,28718)"
1171,"[LBS MOVE] A+A: ci=40969, lac=28718"
1187,"135790246812345,2016-07-19 01:30:28"
1190,"[LBS MOVE] rest dur(0,0) cur(40969,28718) [0](40969,28718) [1](20241,28718)"
1192,"[LBS MOVE] A+A: ci=40969, lac=28718"
1215,"135790246812345,2016-07-19 01:32:28"
1218,"[LBS MOVE] rest dur(0,0) cur(40969,28718) [0](40969,28718) [1](20241,28718)"
1220,"[LBS MOVE] A+A: ci=40969, lac=28718"
1242,"135790246812345,2016-07-19 01:34:46"
1246,"[LBS MOVE] rest dur(0,0) cur(40969,28718) [0](40969,28718) [1](20241,28718)"
1248,"[LBS MOVE] A+A: ci=40969, lac=28718"
1264,"135790246812345,2016-07-19 01:36:28"
1267,"[LBS MOVE] rest dur(0,0) cur(40969,28718) [0](40969,28718) [1](20241,28718)"
1269,"[LBS MOVE] A+A: ci=40969, lac=28718"
1292,"135790246812345,2016-07-19 01:38:27"
1295,"[LBS MOVE] rest dur(0,0) cur(40969,28718) [0](40969,28718) [1](20241,28718)"
1297,"[LBS MOVE] A+A: ci=40969, lac=28718"
1319,"135790246812345,2016-07-19 01:40:51"
1322,"[LBS MOVE] rest dur(0,0) cur(40969,28718) [0](40969,28718) [1](20241,28718)"
1324,"[LBS MOVE] A+A: ci=40969, lac=28718"
1331,"135790246812345,2016-07-19 01:40:54"
1334,"[LBS MOVE] rest dur(0,0) cur(40969,28718) [0](40969,28718) [1](20241,28718)"
1336,"[LBS MOVE] A+A: ci=40969, lac=28718"
1354,"135790246812345,2016-07-19 01:42:31"
1357,"[LBS MOVE] rest dur(0,0) cur(40969,28718) [0](40969,28718) [1](20241,28718)"
1359,"[LBS MOVE] A+A: ci=40969, lac=28718"
1382,"135790246812345,2016-07-19 01:44:27"
1385,"[LBS MOVE] rest dur(192,194) cur(26087,28718) [0](40969,28718) [1](20241,28718)"
1387,"[LBS MOVE] A+B: ci=26087, lac=28718"
1403,"135790246812345,2016-07-19 01:46:28"
1406,"[LBS MOVE] rest dur(0,0) cur(26087,28718) [0](26087,28718) [1](40969,28718)"
1408,"[LBS MOVE] A+A: ci=26087, lac=28718"
1431,"135790246812345,2016-07-19 01:48:28"
1434,"[LBS MOVE] rest dur(0,0) cur(26087,28718) [0](26087,28718) [1](40969,28718)"
1436,"[LBS MOVE] A+A: ci=26087, lac=28718"
1459,"135790246812345,2016-07-19 01:50:28"
1462,"[LBS MOVE] rest dur(0,0) cur(26087,28718) [0](26087,28718) [1](40969,28718)"
1464,"[LBS MOVE] A+A: ci=26087, lac=28718"
1480,"135790246812345,2016-07-19 01:52:28"
1483,"[LBS MOVE] rest dur(0,0) cur(26087,28718) [0](26087,28718) [1](40969,28718)"
1485,"[LBS MOVE] A+A: ci=26087, lac=28718"
1508,"135790246812345,2016-07-19 01:54:28"
1511,"[LBS MOVE] rest dur(0,0) cur(26087,28718) [0](26087,28718) [1](40969,28718)"
1513,"[LBS MOVE] A+A: ci=26087, lac=28718"
1536,"135790246812345,2016-07-19 01:56:28"
1539,"[LBS MOVE] rest dur(0,0) cur(26087,28718) [0](26087,28718) [1](40969,28718)"
1541,"[LBS MOVE] A+A: ci=26087, lac=28718"
1557,"135790246812345,2016-07-19 01:58:28"
1560,"[LBS MOVE] rest dur(0,0) cur(26087,28718) [0](26087,28718) [1](40969,28718)"
1562,"[LBS MOVE] A+A: ci=26087, lac=28718"
1585,"135790246812345,2016-07-19 02:00:29"
1588,"[LBS MOVE] rest dur(0,0) cur(26087,28718) [0](26087,28718) [1](40969,28718)"
1590,"[LBS MOVE] A+A: ci=26087, lac=28718"
1613,"135790246812345,2016-07-19 02:02:29"
1616,"[LBS MOVE] rest dur(0,0) cur(26087,28718) [0](26087,28718) [1](40969,28718)"
1618,"[LBS MOVE] A+A: ci=26087, lac=28718"
1634,"135790246812345,2016-07-19 02:04:28"
1637,"[LBS MOVE] rest dur(20,212) cur(54119,28701) [0](26087,28718) [1](40969,28718)"
1639,"[LBS MOVE] A+B: ci=54119, lac=28701"
1662,"135790246812345,2016-07-19 02:06:29"
1665,"[LBS MOVE] rest dur(0,0) cur(54119,28701) [0](54119,28701) [1](26087,28718)"
1667,"[LBS MOVE] A+A: ci=54119, lac=28701"
1690,"135790246812345,2016-07-19 02:08:29"
1693,"[LBS MOVE] rest dur(0,0) cur(54119,28701) [0](54119,28701) [1](26087,28718)"
1695,"[LBS MOVE] A+A: ci=54119, lac=28701"
1711,"135790246812345,2016-07-19 02:10:29"
1714,"[LBS MOVE] rest dur(0,0) cur(54119,28701) [0](54119,28701) [1](26087,28718)"
1716,"[LBS MOVE] A+A: ci=54119, lac=28701"
1739,"135790246812345,2016-07-19 02:12:29"
1742,"[LBS MOVE] rest dur(0,0) cur(54119,28701) [0](54119,28701) [1](26087,28718)"
1744,"[LBS MOVE] A+A: ci=54119, lac=28701"
1767,"135790246812345,2016-07-19 02:14:29"
1770,"[LBS MOVE] rest dur(0,0) cur(54119,28701) [0](54119,28701) [1](26087,28718)"
1772,"[LBS MOVE] A+A: ci=54119, lac=28701"
1788,"135790246812345,2016-07-19 02:16:29"
1791,"[LBS MOVE] rest dur(0,0) cur(54119,28701) [0](54119,28701) [1](26087,28718)"
1793,"[LBS MOVE] A+A: ci=54119, lac=28701"
1816,"135790246812345,2016-07-19 02:18:29"
1819,"[LBS MOVE] rest dur(0,0) cur(54119,28701) [0](54119,28701) [1](26087,28718)"
1821,"[LBS MOVE] A+A: ci=54119, lac=28701"
1844,"135790246812345,2016-07-19 02:20:29"
1847,"[LBS MOVE] rest dur(0,0) cur(54119,28701) [0](54119,28701) [1](26087,28718)"
1849,"[LBS MOVE] A+A: ci=54119, lac=28701"
1865,"135790246812345,2016-07-19 02:22:29"
1868,"[LBS MOVE] rest dur(0,0) cur(54119,28701) [0](54119,28701) [1](26087,28718)"
1870,"[LBS MOVE] A+A: ci=54119, lac=28701"
1893,"135790246812345,2016-07-19 02:24:29"
1896,"[LBS MOVE] rest dur(0,0) cur(54119,28701) [0](54119,28701) [1](26087,28718)"
1898,"[LBS MOVE] A+A: ci=54119, lac=28701"
1921,"135790246812345,2016-07-19 02:26:30"
1924,"[LBS MOVE] rest dur(0,0) cur(54119,28701) [0](54119,28701) [1](26087,28718)"
1926,"[LBS MOVE] A+A: ci=54119, lac=28701"
1942,"135790246812345,2016-07-19 02:28:30"
1945,"[LBS MOVE] rest dur(0,0) cur(54119,28701) [0](54119,28701) [1](26087,28718)"
1947,"[LBS MOVE] A+A: ci=54119, lac=28701"
1973,"135790246812345,2016-07-19 02:30:13"
1976,"[LBS MOVE] rest dur(0,0) cur(54119,28701) [0](54119,28701) [1](26087,28718)"
1978,"[LBS MOVE] A+A: ci=54119, lac=28701"
1990,"135790246812345,2016-07-19 02:30:48"
1993,"[LBS MOVE] rest dur(0,0) cur(54119,28701) [0](54119,28701) [1](26087,28718)"
1995,"[LBS MOVE] A+A: ci=54119, lac=28701"
2011,"135790246812345,2016-07-19 02:32:29"
2014,"[LBS MOVE] rest dur(0,0) cur(54119,28701) [0](54119,28701) [1](26087,28718)"
2016,"[LBS MOVE] A+A: ci=54119, lac=28701"
2039,"135790246812345,2016-07-19 02:34:30"
2042,"[LBS MOVE] rest dur(0,0) cur(54119,28701) [0](54119,28701) [1](26087,28718)"
2044,"[LBS MOVE] A+A: ci=54119, lac=28701"
2067,"135790246812345,2016-07-19 02:36:30"
2070,"[LBS MOVE] rest dur(0,0) cur(54119,28701) [0](54119,28701) [1](26087,28718)"
2072,"[LBS MOVE] A+A: ci=54119, lac=28701"
2088,"135790246812345,2016-07-19 02:38:30"
2091,"[LBS MOVE] rest dur(0,0) cur(54119,28701) [0](54119,28701) [1](26087,28718)"
2093,"[LBS MOVE] A+A: ci=54119, lac=28701"
2116,"135790246812345,2016-07-19 02:40:30"
2119,"[LBS MOVE] rest dur(0,0) cur(54119,28701) [0](54119,28701) [1](26087,28718)"
2121,"[LBS MOVE] A+A: ci=54119, lac=28701"
2144,"135790246812345,2016-07-19 02:42:30"
2147,"[LBS MOVE] rest dur(0,0) cur(54119,28701) [0](54119,28701) [1](26087,28718)"
2149,"[LBS MOVE] A+A: ci=54119, lac=28701"
2165,"135790246812345,2016-07-19 02:44:30"
2168,"[LBS MOVE] rest dur(0,0) cur(54119,28701) [0](54119,28701) [1](26087,28718)"
2170,"[LBS MOVE] A+A: ci=54119, lac=28701"
2193,"135790246812345,2016-07-19 02:46:29"
2196,"[LBS MOVE] rest dur(0,0) cur(54119,28701) [0](54119,28701) [1](26087,28718)"
2198,"[LBS MOVE] A+A: ci=54119, lac=28701"
2221,"135790246812345,2016-07-19 02:48:29"
2224,"[LBS MOVE] rest dur(0,0) cur(54119,28701) [0](54119,28701) [1](26087,28718)"
2226,"[LBS MOVE] A+A: ci=54119, lac=28701"
2242,"135790246812345,2016-07-19 02:50:30"
2245,"[LBS MOVE] rest dur(0,0) cur(54119,28701) [0](54119,28701) [1](26087,28718)"
2247,"[LBS MOVE] A+A: ci=54119, lac=28701"
2270,"135790246812345,2016-07-19 02:52:30"
2273,"[LBS MOVE] rest dur(0,0) cur(54119,28701) [0](54119,28701) [1](26087,28718)"
2275,"[LBS MOVE] A+A: ci=54119, lac=28701"
2298,"135790246812345,2016-07-19 02:54:30"
2301,"[LBS MOVE] rest dur(0,0) cur(54119,28701) [0](54119,28701) [1](26087,28718)"
2303,"[LBS MOVE] A+A: ci=54119, lac=28701"
2319,"135790246812345,2016-07-19 02:56:30"
2322,"[LBS MOVE] rest dur(0,0) cur(54119,28701) [0](54119,28701) [1](26087,28718)"
2324,"[LBS MOVE] A+A: ci=54119, lac=28701"
2347,"135790246812345,2016-07-19 02:58:30"
2350,"[LBS MOVE] rest dur(0,0) cur(54119,28701) [0](54119,28701) [1](26087,28718)"
2352,"[LBS MOVE] A+A: ci=54119, lac=28701"
2375,"135790246812345,2016-07-19 03:00:30"
2378,"[LBS MOVE] rest dur(0,0) cur(54119,28701) [0](54119,28701) [1](26087,28718)"
2380,"[LBS MOVE] A+A: ci=54119, lac=28701"
2396,"135790246812345,2016-07-19 03:02:30"
2399,"[LBS MOVE] rest dur(0,0) cur(54119,28701) [0](54119,28701) [1](26087,28718)"
2401,"[LBS MOVE] A+A: ci=54119, lac=28701"
2424,"135790246812345,2016-07-19 03:04:30"
2427,"[LBS MOVE] rest dur(0,0) cur(54119,28701) [0](54119,28701) [1](26087,28718)"
2429,"[LBS MOVE] A+A: ci=54119, lac=28701"
2452,"135790246812345,2016-07-19 03:06:30"
2455,"[LBS MOVE] rest dur(0,0) cur(54119,28701) [0](54119,28701) [1](26087,28718)"
2457,"[LBS MOVE] A+A: ci=54119, lac=28701"
2473,"135790246812345,2016-07-19 03:08:30"
2476,"[LBS MOVE] rest dur(0,0) cur(54119,28701) [0](54119,28701) [1](26087,28718)"
2478,"[LBS MOVE] A+A: ci=54119, lac=28701"
2501,"135790246812345,2016-07-19 03:10:30"
2504,"[LBS MOVE] rest dur(0,0) cur(54119,28701) [0](54119,28701) [1](26087,28718)"
2506,"[LBS MOVE] A+A: ci=54119, lac=28701"
2529,"135790246812345,2016-07-19 03:12:31"
2532,"[LBS MOVE] rest dur(0,0) cur(54119,28701) [0](54119,28701) [1](26087,28718)"
2534,"[LBS MOVE] A+A: ci=54119, lac=28701"
2550,"135790246812345,2016-07-19 03:14:31"
2553,"[LBS MOVE] rest dur(0,0) cur(54119,28701) [0](54119,28701) [1](26087,28718)"
2555,"[LBS MOVE] A+A: ci=54119, lac=28701"
2578,"135790246812345,2016-07-19 03:16:30"
2581,"[LBS MOVE] rest dur(0,0) cur(54119,28701) [0](54119,28701) [1](26087,28718)"
2583,"[LBS MOVE] A+A: ci=54119, lac=28701"
2606,"135790246812345,2016-07-19 03:18:30"
2609,"[LBS MOVE] rest dur(0,0) cur(54119,28701) [0](54119,28701) [1](26087,28718)"
2611,"[LBS MOVE] A+A: ci=54119, lac=28701"
2627,"135790246812345,2016-07-19 03:20:31"
2630,"[LBS MOVE] rest dur(0,0) cur(54119,28701) [0](54119,28701) [1](26087,28718)"
2632,"[LBS MOVE] A+A: ci=54119, lac=28701"
2655,"135790246812345,2016-07-19 03:22:31"
2658,"[LBS MOVE] rest dur(0,0) cur(54119,28701) [0](54119,28701) [1](26087,28718)"
2660,"[LBS MOVE] A+A: ci=54119, lac=28701"
2685,"135790246812345,2016-07-19 03:24:33"
2688,"[LBS MOVE] rest dur(0,0) cur(54119,28701) [0](54119,28701) [1](26087,28718)"
2690,"[LBS MOVE] A+A: ci=54119, lac=28701"
2699,"135790246812345,2016-07-19 03:24:38"
2702,"[LBS MOVE] rest dur(0,0) cur(54119,28701) [0](54119,28701) [1](26087,28718)"
2704,"[LBS MOVE] A+A: ci=54119, lac=28701"
2720,"135790246812345,2016-07-19 03:26:31"
2723,"[LBS MOVE] rest dur(0,0) cur(54119,28701) [0](54119,28701) [1](26087,28718)"
2725,"[LBS MOVE] A+A: ci=54119, lac=28701"
2748,"135790246812345,2016-07-19 03:28:31"
2751,"[LBS MOVE] rest dur(0,0) cur(54119,28701) [0](54119,28701) [1](26087,28718)"
2753,"[LBS MOVE] A+A: ci=54119, lac=28701"
2775,"135790246812345,2016-07-19 03:30:36"
2779,"[LBS MOVE] rest dur(0,0) cur(54119,28701) [0](54119,28701) [1](26087,28718)"
2781,"[LBS MOVE] A+A: ci=54119, lac=28701"
2797,"135790246812345,2016-07-19 03:32:31"
2800,"[LBS MOVE] rest dur(0,0) cur(54119,28701) [0](54119,28701) [1](26087,28718)"
2802,"[LBS MOVE] A+A: ci=54119, lac=28701"
2825,"135790246812345,2016-07-19 03:34:31"
2828,"[LBS MOVE] rest dur(0,0) cur(54119,28701) [0](54119,28701) [1](26087,28718)"
2830,"[LBS MOVE] A+A: ci=54119, lac=28701"
2852,"135790246812345,2016-07-19 03:36:38"
2856,"[LBS MOVE] rest dur(0,0) cur(54119,28701) [0](54119,28701) [1](26087,28718)"
2858,"[LBS MOVE] A+A: ci=54119, lac=28701"
2874,"135790246812345,2016-07-19 03:38:31"
2877,"[LBS MOVE] rest dur(0,0) cur(54119,28701) [0](54119,28701) [1](26087,28718)"
2879,"[LBS MOVE] A+A: ci=54119, lac=28701"
2902,"135790246812345,2016-07-19 03:40:31"
2905,"[LBS MOVE] rest dur(0,0) cur(54119,28701) [0](54119,28701) [1](26087,28718)"
2907,"[LBS MOVE] A+A: ci=54119, lac=28701"
2929,"135790246812345,2016-07-19 03:42:40"
2933,"[LBS MOVE] rest dur(0,0) cur(54119,28701) [0](54119,28701) [1](26087,28718)"
2935,"[LBS MOVE] A+A: ci=54119, lac=28701"
2951,"135790246812345,2016-07-19 03:44:32"
2954,"[LBS MOVE] rest dur(0,0) cur(54119,28701) [0](54119,28701) [1](26087,28718)"
2956,"[LBS MOVE] A+A: ci=54119, lac=28701"
2979,"135790246812345,2016-07-19 03:46:31"
2982,"[LBS MOVE] rest dur(0,0) cur(54119,28701) [0](54119,28701) [1](26087,28718)"
2984,"[LBS MOVE] A+A: ci=54119, lac=28701"
3006,"135790246812345,2016-07-19 03:48:43"
3010,"[LBS MOVE] rest dur(0,0) cur(54119,28701) [0](54119,28701) [1](26087,28718)"
3012,"[LBS MOVE] A+A: ci=54119, lac=28701"
3028,"135790246812345,2016-07-19 03:50:31"
3031,"[LBS MOVE] rest dur(0,0) cur(54119,28701) [0](54119,28701) [1](26087,28718)"
3033,"[LBS MOVE] A+A: ci=54119, lac=28701"
3056,"135790246812345,2016-07-19 03:52:31"
3059,"[LBS MOVE] rest dur(0,0) cur(54119,28701) [0](54119,28701) [1](26087,28718)"
3061,"[LBS MOVE] A+A: ci=54119, lac=28701"
3083,"135790246812345,2016-07-19 03:54:45"
3087,"[LBS MOVE] rest dur(0,0) cur(54119,28701) [0](54119,28701) [1](26087,28718)"
3089,"[LBS MOVE] A+A: ci=54119, lac=28701"
3105,"135790246812345,2016-07-19 03:56:32"
3108,"[LBS MOVE] rest dur(0,0) cur(54119,28701) [0](54119,28701) [1](26087,28718)"
3110,"[LBS MOVE] A+A: ci=54119, lac=28701"
3133,"135790246812345,2016-07-19 03:58:32"
3136,"[LBS MOVE] rest dur(0,0) cur(54119,28701) [0](54119,28701) [1](26087,28718)"
3138,"[LBS MOVE] A+A: ci=54119, lac=28701"
3160,"135790246812345,2016-07-19 04:00:47"
3164,"[LBS MOVE] rest dur(0,0) cur(54119,28701) [0](54119,28701) [1](26087,28718)"
3166,"[LBS MOVE] A+A: ci=54119, lac=28701"
3182,"135790246812345,2016-07-19 04:02:32"
3185,"[LBS MOVE] rest dur(0,0) cur(54119,28701) [0](54119,28701) [1](26087,28718)"
3187,"[LBS MOVE] A+A: ci=54119, lac=28701"
3210,"135790246812345,2016-07-19 04:04:32"
3213,"[LBS MOVE] rest dur(0,0) cur(54119,28701) [0](54119,28701) [1](26087,28718)"
3215,"[LBS MOVE] A+A: ci=54119, lac=28701"
3237,"135790246812345,2016-07-19 04:06:49"
3241,"[LBS MOVE] rest dur(0,0) cur(54119,28701) [0](54119,28701) [1](26087,28718)"
3243,"[LBS MOVE] A+A: ci=54119, lac=28701"
3259,"135790246812345,2016-07-19 04:08:32"
3262,"[LBS MOVE] rest dur(0,0) cur(54119,28701) [0](54119,28701) [1](26087,28718)"
3264,"[LBS MOVE] A+A: ci=54119, lac=28701"
3287,"135790246812345,2016-07-19 04:10:31"
3290,"[LBS MOVE] rest dur(0,0) cur(54119,28701) [0](54119,28701) [1](26087,28718)"
3292,"[LBS MOVE] A+A: ci=54119, lac=28701"
3314,"135790246812345,2016-07-19 04:12:51"
3318,"[LBS MOVE] rest dur(0,0) cur(54119,28701) [0](54119,28701) [1](26087,28718)"
3320,"[LBS MOVE] A+A: ci=54119, lac=28701"
3336,"135790246812345,2016-07-19 04:14:32"
3339,"[LBS MOVE] rest dur(0,0) cur(54119,28701) [0](54119,28701) [1](26087,28718)"
3341,"[LBS MOVE] A+A: ci=54119, lac=28701"
3360,"135790246812345,2016-07-19 04:15:53"
3363,"[LBS MOVE] rest dur(0,0) cur(54119,28701) [0](54119,28701) [1](26087,28718)"
3365,"[LBS MOVE] A+A: ci=54119, lac=28701"
3377,"135790246812345,2016-07-19 04:16:29"
3380,"[LBS MOVE] rest dur(0,0) cur(54119,28701) [0](54119,28701) [1](26087,28718)"
3382,"[LBS MOVE] A+A: ci=54119, lac=28701"
3404,"135790246812345,2016-07-19 04:18:55"
3408,"[LBS MOVE] rest dur(0,0) cur(54119,28701) [0](54119,28701) [1](26087,28718)"
3410,"[LBS MOVE] A+A: ci=54119, lac=28701"
3426,"135790246812345,2016-07-19 04:20:32"
3429,"[LBS MOVE] rest dur(0,0) cur(54119,28701) [0](54119,28701) [1](26087,28718)"
3431,"[LBS MOVE] A+A: ci=54119, lac=28701"
3454,"135790246812345,2016-07-19 04:22:32"
3457,"[LBS MOVE] rest dur(0,0) cur(54119,28701) [0](54119,28701) [1](26087,28718)"
3459,"[LBS MOVE] A+A: ci=54119, lac=28701"
3475,"135790246812345,2016-07-19 04:24:32"
3478,"[LBS MOVE] rest dur(0,0) cur(54119,28701) [0](54119,28701) [1](26087,28718)"
3480,"[LBS MOVE] A+A: ci=54119, lac=28701"
3503,"135790246812345,2016-07-19 04:26:32"
3506,"[LBS MOVE] rest dur(0,0) cur(54119,28701) [0](54119,28701) [1](26087,28718)"
3508,"[LBS MOVE] A+A: ci=54119, lac=28701"
3531,"135790246812345,2016-07-19 04:28:32"
3534,"[LBS MOVE] rest dur(0,0) cur(54119,28701) [0](54119,28701) [1](26087,28718)"
3536,"[LBS MOVE] A+A: ci=54119, lac=28701"
3552,"135790246812345,2016-07-19 04:30:32"
3555,"[LBS MOVE] rest dur(0,0) cur(54119,28701) [0](54119,28701) [1](26087,28718)"
3557,"[LBS MOVE] A+A: ci=54119, lac=28701"
3580,"135790246812345,2016-07-19 04:32:32"
3583,"[LBS MOVE] rest dur(0,0) cur(54119,28701) [0](54119,28701) [1](26087,28718)"
3585,"[LBS MOVE] A+A: ci=54119, lac=28701"
3608,"135790246812345,2016-07-19 04:34:32"
3611,"[LBS MOVE] rest dur(0,0) cur(54119,28701) [0](54119,28701) [1](26087,28718)"
3613,"[LBS MOVE] A+A: ci=54119, lac=28701"
3629,"135790246812345,2016-07-19 04:36:32"
3632,"[LBS MOVE] rest dur(0,0) cur(54119,28701) [0](54119,28701) [1](26087,28718)"
3634,"[LBS MOVE] A+A: ci=54119, lac=28701"
3657,"135790246812345,2016-07-19 04:38:33"
3660,"[LBS MOVE] rest dur(0,0) cur(54119,28701) [0](54119,28701) [1](26087,28718)"
3662,"[LBS MOVE] A+A: ci=54119, lac=28701"
3685,"135790246812345,2016-07-19 04:40:33"
3688,"[LBS MOVE] rest dur(0,0) cur(54119,28701) [0](54119,28701) [1](26087,28718)"
3690,"[LBS MOVE] A+A: ci=54119, lac=28701"
3706,"135790246812345,2016-07-19 04:42:33"
3709,"[LBS MOVE] rest dur(0,0) cur(54119,28701) [0](54119,28701) [1](26087,28718)"
3711,"[LBS MOVE] A+A: ci=54119, lac=28701"
3734,"135790246812345,2016-07-19 04:44:33"
3737,"[LBS MOVE] rest dur(0,0) cur(54119,28701) [0](54119,28701) [1](26087,28718)"
3739,"[LBS MOVE] A+A: ci=54119, lac=28701"
3762,"135790246812345,2016-07-19 04:46:32"
3765,"[LBS MOVE] rest dur(0,0) cur(54119,28701) [0](54119,28701) [1](26087,28718)"
3767,"[LBS MOVE] A+A: ci=54119, lac=28701"
3783,"135790246812345,2016-07-19 04:48:33"
3786,"[LBS MOVE] rest dur(0,0) cur(54119,28701) [0](54119,28701) [1](26087,28718)"
3788,"[LBS MOVE] A+A: ci=54119, lac=28701"
3811,"135790246812345,2016-07-19 04:50:33"
3814,"[LBS MOVE] rest dur(0,0) cur(54119,28701) [0](54119,28701) [1](26087,28718)"
3816,"[LBS MOVE] A+A: ci=54119, lac=28701"
3839,"135790246812345,2016-07-19 04:52:33"
3842,"[LBS MOVE] rest dur(0,0) cur(54119,28701) [0](54119,28701) [1](26087,28718)"
3844,"[LBS MOVE] A+A: ci=54119, lac=28701"
3860,"135790246812345,2016-07-19 04:54:33"
3863,"[LBS MOVE] rest dur(0,0) cur(54119,28701) [0](54119,28701) [1](26087,28718)"
3865,"[LBS MOVE] A+A: ci=54119, lac=28701"
3888,"135790246812345,2016-07-19 04:56:33"
3891,"[LBS MOVE] rest dur(0,0) cur(54119,28701) [0](54119,28701) [1](26087,28718)"
3893,"[LBS MOVE] A+A: ci=54119, lac=28701"
3916,"135790246812345,2016-07-19 04:58:32"
3919,"[LBS MOVE] rest dur(0,0) cur(54119,28701) [0](54119,28701) [1](26087,28718)"
3921,"[LBS MOVE] A+A: ci=54119, lac=28701"
3937,"135790246812345,2016-07-19 05:00:33"
3940,"[LBS MOVE] rest dur(0,0) cur(54119,28701) [0](54119,28701) [1](26087,28718)"
3942,"[LBS MOVE] A+A: ci=54119, lac=28701"
3965,"135790246812345,2016-07-19 05:02:33"
3968,"[LBS MOVE] rest dur(0,0) cur(54119,28701) [0](54119,28701) [1](26087,28718)"
3970,"[LBS MOVE] A+A: ci=54119, lac=28701"
3993,"135790246812345,2016-07-19 05:04:33"
3996,"[LBS MOVE] rest dur(0,0) cur(54119,28701) [0](54119,28701) [1](26087,28718)"
3998,"[LBS MOVE] A+A: ci=54119, lac=28701"
4014,"135790246812345,2016-07-19 05:06:33"
4017,"[LBS MOVE] rest dur(0,0) cur(54119,28701) [0](54119,28701) [1](26087,28718)"
4019,"[LBS MOVE] A+A: ci=54119, lac=28701"
4042,"135790246812345,2016-07-19 05:08:33"
4045,"[LBS MOVE] rest dur(0,0) cur(54119,28701) [0](54119,28701) [1](26087,28718)"
4047,"[LBS MOVE] A+A: ci=54119, lac=28701"
4070,"135790246812345,2016-07-19 05:10:33"
4073,"[LBS MOVE] rest dur(0,0) cur(54119,28701) [0](54119,28701) [1](26087,28718)"
4075,"[LBS MOVE] A+A: ci=54119, lac=28701"
4091,"135790246812345,2016-07-19 05:12:33"
4094,"[LBS MOVE] rest dur(0,0) cur(54119,28701) [0](54119,28701) [1](26087,28718)"
4096,"[LBS MOVE] A+A: ci=54119, lac=28701"
4119,"135790246812345,2016-07-19 05:14:33"
4122,"[LBS MOVE] rest dur(0,0) cur(54119,28701) [0](54119,28701) [1](26087,28718)"
4124,"[LBS MOVE] A+A: ci=54119, lac=28701"
4147,"135790246812345,2016-07-19 05:16:33"
4150,"[LBS MOVE] rest dur(0,0) cur(54119,28701) [0](54119,28701) [1](26087,28718)"
4152,"[LBS MOVE] A+A: ci=54119, lac=28701"
4168,"135790246812345,2016-07-19 05:18:33"
4171,"[LBS MOVE] rest dur(0,0) cur(54119,28701) [0](54119,28701) [1](26087,28718)"
4173,"[LBS MOVE] A+A: ci=54119, lac=28701"
4196,"135790246812345,2016-07-19 05:20:33"
4199,"[LBS MOVE] rest dur(0,0) cur(54119,28701) [0](54119,28701) [1](26087,28718)"
4201,"[LBS MOVE] A+A: ci=54119, lac=28701"
4224,"135790246812345,2016-07-19 05:22:34"
4227,"[LBS MOVE] rest dur(0,0) cur(54119,28701) [0](54119,28701) [1](26087,28718)"
4229,"[LBS MOVE] A+A: ci=54119, lac=28701"
4245,"135790246812345,2016-07-19 05:24:34"
4248,"[LBS MOVE] rest dur(0,0) cur(54119,28701) [0](54119,28701) [1](26087,28718)"
4250,"[LBS MOVE] A+A: ci=54119, lac=28701"
4273,"135790246812345,2016-07-19 05:26:34"
4276,"[LBS MOVE] rest dur(0,0) cur(54119,28701) [0](54119,28701) [1](26087,28718)"
4278,"[LBS MOVE] A+A: ci=54119, lac=28701"
4301,"135790246812345,2016-07-19 05:28:34"
4304,"[LBS MOVE] rest dur(0,0) cur(54119,28701) [0](54119,28701) [1](26087,28718)"
4306,"[LBS MOVE] A+A: ci=54119, lac=28701"
4322,"135790246812345,2016-07-19 05:30:34"
4325,"[LBS MOVE] rest dur(0,0) cur(54119,28701) [0](54119,28701) [1](26087,28718)"
4327,"[LBS MOVE] A+A: ci=54119, lac=28701"
4350,"135790246812345,2016-07-19 05:32:34"
4353,"[LBS MOVE] rest dur(0,0) cur(54119,28701) [0](54119,28701) [1](26087,28718)"
4355,"[LBS MOVE] A+A: ci=54119, lac=28701"
4378,"135790246812345,2016-07-19 05:34:34"
4381,"[LBS MOVE] rest dur(0,0) cur(54119,28701) [0](54119,28701) [1](26087,28718)"
4383,"[LBS MOVE] A+A: ci=54119, lac=28701"
4399,"135790246812345,2016-07-19 05:36:34"
4402,"[LBS MOVE] rest dur(0,0) cur(54119,28701) [0](54119,28701) [1](26087,28718)"
4404,"[LBS MOVE] A+A: ci=54119, lac=28701"
4427,"135790246812345,2016-07-19 05:38:34"
4430,"[LBS MOVE] rest dur(0,0) cur(54119,28701) [0](54119,28701) [1](26087,28718)"
4432,"[LBS MOVE] A+A: ci=54119, lac=28701"
4455,"135790246812345,2016-07-19 05:40:33"
4458,"[LBS MOVE] rest dur(0,0) cur(54119,28701) [0](54119,28701) [1](26087,28718)"
4460,"[LBS MOVE] A+A: ci=54119, lac=28701"
4476,"135790246812345,2016-07-19 05:42:34"
4479,"[LBS MOVE] rest dur(0,0) cur(54119,28701) [0](54119,28701) [1](26087,28718)"
4481,"[LBS MOVE] A+A: ci=54119, lac=28701"
4504,"135790246812345,2016-07-19 05:44:34"
4507,"[LBS MOVE] rest dur(0,0) cur(54119,28701) [0](54119,28701) [1](26087,28718)"
4509,"[LBS MOVE] A+A: ci=54119, lac=28701"
4532,"135790246812345,2016-07-19 05:46:34"
4535,"[LBS MOVE] rest dur(0,0) cur(54119,28701) [0](54119,28701) [1](26087,28718)"
4537,"[LBS MOVE] A+A: ci=54119, lac=28701"
4553,"135790246812345,2016-07-19 05:48:34"
4556,"[LBS MOVE] rest dur(0,0) cur(54119,28701) [0](54119,28701) [1](26087,28718)"
4558,"[LBS MOVE] A+A: ci=54119, lac=28701"
4581,"135790246812345,2016-07-19 05:50:34"
4584,"[LBS MOVE] rest dur(0,0) cur(54119,28701) [0](54119,28701) [1](26087,28718)"
4586,"[LBS MOVE] A+A: ci=54119, lac=28701"
4609,"135790246812345,2016-07-19 05:52:34"
4612,"[LBS MOVE] rest dur(0,0) cur(54119,28701) [0](54119,28701) [1](26087,28718)"
4614,"[LBS MOVE] A+A: ci=54119, lac=28701"
4630,"135790246812345,2016-07-19 05:54:34"
4633,"[LBS MOVE] rest dur(0,0) cur(54119,28701) [0](54119,28701) [1](26087,28718)"
4635,"[LBS MOVE] A+A: ci=54119, lac=28701"
4658,"135790246812345,2016-07-19 05:56:34"
4661,"[LBS MOVE] rest dur(0,0) cur(54119,28701) [0](54119,28701) [1](26087,28718)"
4663,"[LBS MOVE] A+A: ci=54119, lac=28701"
4686,"135790246812345,2016-07-19 05:58:34"
4689,"[LBS MOVE] rest dur(0,0) cur(54119,28701) [0](54119,28701) [1](26087,28718)"
4691,"[LBS MOVE] A+A: ci=54119, lac=28701"
4707,"135790246812345,2016-07-19 06:00:34"
4710,"[LBS MOVE] rest dur(0,0) cur(54119,28701) [0](54119,28701) [1](26087,28718)"
4712,"[LBS MOVE] A+A: ci=54119, lac=28701"
4735,"135790246812345,2016-07-19 06:02:34"
4738,"[LBS MOVE] rest dur(0,0) cur(54119,28701) [0](54119,28701) [1](26087,28718)"
4740,"[LBS MOVE] A+A: ci=54119, lac=28701"
4763,"135790246812345,2016-07-19 06:04:34"
4766,"[LBS MOVE] rest dur(0,0) cur(54119,28701) [0](54119,28701) [1](26087,28718)"
4768,"[LBS MOVE] A+A: ci=54119, lac=28701"
4784,"135790246812345,2016-07-19 06:06:35"
4787,"[LBS MOVE] rest dur(0,0) cur(54119,28701) [0](54119,28701) [1](26087,28718)"
4789,"[LBS MOVE] A+A: ci=54119, lac=28701"
4812,"135790246812345,2016-07-19 06:08:34"
4815,"[LBS MOVE] rest dur(0,0) cur(54119,28701) [0](54119,28701) [1](26087,28718)"
4817,"[LBS MOVE] A+A: ci=54119, lac=28701"
4840,"135790246812345,2016-07-19 06:10:34"
4843,"[LBS MOVE] rest dur(0,0) cur(54119,28701) [0](54119,28701) [1](26087,28718)"
4845,"[LBS MOVE] A+A: ci=54119, lac=28701"
4861,"135790246812345,2016-07-19 06:12:35"
4864,"[LBS MOVE] rest dur(0,0) cur(54119,28701) [0](54119,28701) [1](26087,28718)"
4866,"[LBS MOVE] A+A: ci=54119, lac=28701"
4889,"135790246812345,2016-07-19 06:14:34"
4892,"[LBS MOVE] rest dur(0,0) cur(54119,28701) [0](54119,28701) [1](26087,28718)"
4894,"[LBS MOVE] A+A: ci=54119, lac=28701"
4916,"135790246812345,2016-07-19 06:16:35"
4920,"[LBS MOVE] rest dur(0,0) cur(54119,28701) [0](54119,28701) [1](26087,28718)"
4922,"[LBS MOVE] A+A: ci=54119, lac=28701"
4938,"135790246812345,2016-07-19 06:18:35"
4941,"[LBS MOVE] rest dur(0,0) cur(54119,28701) [0](54119,28701) [1](26087,28718)"
4943,"[LBS MOVE] A+A: ci=54119, lac=28701"
4966,"135790246812345,2016-07-19 06:20:35"
4969,"[LBS MOVE] rest dur(0,0) cur(54119,28701) [0](54119,28701) [1](26087,28718)"
4971,"[LBS MOVE] A+A: ci=54119, lac=28701"
4993,"135790246812345,2016-07-19 06:22:36"
4997,"[LBS MOVE] rest dur(0,0) cur(54119,28701) [0](54119,28701) [1](26087,28718)"
4999,"[LBS MOVE] A+A: ci=54119, lac=28701"
5015,"135790246812345,2016-07-19 06:24:35"
5018,"[LBS MOVE] rest dur(0,0) cur(54119,28701) [0](54119,28701) [1](26087,28718)"
5020,"[LBS MOVE] A+A: ci=54119, lac=28701"
5043,"135790246812345,2016-07-19 06:26:35"
5046,"[LBS MOVE] rest dur(0,0) cur(54119,28701) [0](54119,28701) [1](26087,28718)"
5048,"[LBS MOVE] A+A: ci=54119, lac=28701"
5070,"135790246812345,2016-07-19 06:28:37"
5074,"[LBS MOVE] rest dur(0,0) cur(54119,28701) [0](54119,28701) [1](26087,28718)"
5076,"[LBS MOVE] A+A: ci=54119, lac=28701"
5092,"135790246812345,2016-07-19 06:30:35"
5095,"[LBS MOVE] rest dur(0,0) cur(54119,28701) [0](54119,28701) [1](26087,28718)"
5097,"[LBS MOVE] A+A: ci=54119, lac=28701"
5120,"135790246812345,2016-07-19 06:32:35"
5123,"[LBS MOVE] rest dur(0,0) cur(54119,28701) [0](54119,28701) [1](26087,28718)"
5125,"[LBS MOVE] A+A: ci=54119, lac=28701"
5147,"135790246812345,2016-07-19 06:34:39"
5151,"[LBS MOVE] rest dur(0,0) cur(54119,28701) [0](54119,28701) [1](26087,28718)"
5153,"[LBS MOVE] A+A: ci=54119, lac=28701"
5169,"135790246812345,2016-07-19 06:36:35"
5172,"[LBS MOVE] rest dur(0,0) cur(54119,28701) [0](54119,28701) [1](26087,28718)"
5174,"[LBS MOVE] A+A: ci=54119, lac=28701"
5197,"135790246812345,2016-07-19 06:38:35"
5200,"[LBS MOVE] rest dur(0,0) cur(54119,28701) [0](54119,28701) [1](26087,28718)"
5202,"[LBS MOVE] A+A: ci=54119, lac=28701"
5224,"135790246812345,2016-07-19 06:40:41"
5228,"[LBS MOVE] rest dur(0,0) cur(54119,28701) [0](54119,28701) [1](26087,28718)"
5230,"[LBS MOVE] A+A: ci=54119, lac=28701"
5246,"135790246812345,2016-07-19 06:42:35"
5249,"[LBS MOVE] rest dur(0,0) cur(54119,28701) [0](54119,28701) [1](26087,28718)"
5251,"[LBS MOVE] A+A: ci=54119, lac=28701"
5274,"135790246812345,2016-07-19 06:44:35"
5277,"[LBS MOVE] rest dur(0,0) cur(54119,28701) [0](54119,28701) [1](26087,28718)"
5279,"[LBS MOVE] A+A: ci=54119, lac=28701"
5301,"135790246812345,2016-07-19 06:46:43"
5305,"[LBS MOVE] rest dur(0,0) cur(54119,28701) [0](54119,28701) [1](26087,28718)"
5307,"[LBS MOVE] A+A: ci=54119, lac=28701"
5323,"135790246812345,2016-07-19 06:48:36"
5326,"[LBS MOVE] rest dur(0,0) cur(54119,28701) [0](54119,28701) [1](26087,28718)"
5328,"[LBS MOVE] A+A: ci=54119, lac=28701"
5351,"135790246812345,2016-07-19 06:50:35"
5354,"[LBS MOVE] rest dur(0,0) cur(54119,28701) [0](54119,28701) [1](26087,28718)"
5356,"[LBS MOVE] A+A: ci=54119, lac=28701"
5378,"135790246812345,2016-07-19 06:52:46"
5382,"[LBS MOVE] rest dur(0,0) cur(54119,28701) [0](54119,28701) [1](26087,28718)"
5384,"[LBS MOVE] A+A: ci=54119, lac=28701"
5400,"135790246812345,2016-07-19 06:54:35"
5403,"[LBS MOVE] rest dur(0,0) cur(54119,28701) [0](54119,28701) [1](26087,28718)"
5405,"[LBS MOVE] A+A: ci=54119, lac=28701"
5428,"135790246812345,2016-07-19 06:56:35"
5431,"[LBS MOVE] rest dur(0,0) cur(54119,28701) [0](54119,28701) [1](26087,28718)"
5433,"[LBS MOVE] A+A: ci=54119, lac=28701"
5455,"135790246812345,2016-07-19 06:58:48"
5459,"[LBS MOVE] rest dur(0,0) cur(54119,28701) [0](54119,28701) [1](26087,28718)"
5461,"[LBS MOVE] A+A: ci=54119, lac=28701"
5477,"135790246812345,2016-07-19 07:00:36"
5480,"[LBS MOVE] rest dur(0,0) cur(54119,28701) [0](54119,28701) [1](26087,28718)"
5482,"[LBS MOVE] A+A: ci=54119, lac=28701"
5505,"135790246812345,2016-07-19 07:02:36"
5508,"[LBS MOVE] rest dur(0,0) cur(54119,28701) [0](54119,28701) [1](26087,28718)"
5510,"[LBS MOVE] A+A: ci=54119, lac=28701"
5532,"135790246812345,2016-07-19 07:04:51"
5536,"[LBS MOVE] rest dur(0,0) cur(54119,28701) [0](54119,28701) [1](26087,28718)"
5538,"[LBS MOVE] A+A: ci=54119, lac=28701"
5554,"135790246812345,2016-07-19 07:06:36"
5557,"[LBS MOVE] rest dur(0,0) cur(54119,28701) [0](54119,28701) [1](26087,28718)"
5559,"[LBS MOVE] A+A: ci=54119, lac=28701"
5582,"135790246812345,2016-07-19 07:08:36"
5585,"[LBS MOVE] rest dur(0,0) cur(54119,28701) [0](54119,28701) [1](26087,28718)"
5587,"[LBS MOVE] A+A: ci=54119, lac=28701"
5609,"135790246812345,2016-07-19 07:10:53"
5613,"[LBS MOVE] rest dur(0,0) cur(54119,28701) [0](54119,28701) [1](26087,28718)"
5615,"[LBS MOVE] A+A: ci=54119, lac=28701"
5631,"135790246812345,2016-07-19 07:12:36"
5634,"[LBS MOVE] rest dur(0,0) cur(54119,28701) [0](54119,28701) [1](26087,28718)"
5636,"[LBS MOVE] A+A: ci=54119, lac=28701"
5659,"135790246812345,2016-07-19 07:14:36"
5662,"[LBS MOVE] rest dur(0,0) cur(54119,28701) [0](54119,28701) [1](26087,28718)"
5664,"[LBS MOVE] A+A: ci=54119, lac=28701"
5686,"135790246812345,2016-07-19 07:16:55"
5690,"[LBS MOVE] rest dur(0,0) cur(54119,28701) [0](54119,28701) [1](26087,28718)"
5692,"[LBS MOVE] A+A: ci=54119, lac=28701"
5875,"135790246812345,2016-07-19 07:19:30"
5882,[LBS record(1)] valid mcc[460] mnc[0] lac[28718] ci[20241] rxlev[36]
5886,"135790246812345,2016-07-19 07:19:30"
5889,"[LBS filter 1] fail --other case(A), NO upload"
6059,"135790246812345,2016-07-19 07:21:54"
6066,[LBS record(2)] valid mcc[460] mnc[0] lac[28718] ci[20241] rxlev[37]
6070,"135790246812345,2016-07-19 07:21:54"
6073,"[LBS filter 1] pass --upload case(AA), upload"
6075,[LBS filter 2] pass
6077,[LBS upload] valid mcc[460] mnc[0] lac[28718] ci[20241] rxlev[37]
7561,"135790246812345,2016-07-19 07:28:47"
7568,[LBS record(3)] valid mcc[460] mnc[0] lac[28701] ci[54119] rxlev[45]
7572,"135790246812345,2016-07-19 07:28:47"
7575,"[LBS filter 1] fail --other case(AAA/AAB/ABA), NO upload"
8321,"135790246812345,2016-07-19 07:35:52"
8328,[LBS record(1)] valid mcc[460] mnc[0] lac[28969] ci[23981] rxlev[30]
8332,"135790246812345,2016-07-19 07:35:52"
8335,"[LBS filter 1] fail --other case(A), NO upload"
8505,"135790246812345,2016-07-19 07:37:41"
8512,[LBS record(2)] valid mcc[460] mnc[0] lac[28969] ci[23981] rxlev[26]
8516,"135790246812345,2016-07-19 07:37:41"
8519,"[LBS filter 1] pass --upload case(AA), upload"
8521,[LBS filter 2] pass
8523,[LBS upload] valid mcc[460] mnc[0] lac[28969] ci[23981] rxlev[26]
10050,"135790246812345,2016-07-19 08:04:59"
10057,[LBS record(1)] valid mcc[460] mnc[0] lac[28730] ci[20735] rxlev[46]
10061,"135790246812345,2016-07-19 08:04:59"
10064,"[LBS filter 1] fail --other case(A), NO upload"
10234,"135790246812345,2016-07-19 08:07:23"
10241,[LBS record(2)] valid mcc[460] mnc[0] lac[28730] ci[20735] rxlev[38]
10245,"135790246812345,2016-07-19 08:07:23"
10248,"[LBS filter 1] pass --upload case(AA), upload"
10250,[LBS filter 2] pass
10252,[LBS upload] valid mcc[460] mnc[0] lac[28730] ci[20735] rxlev[38]
10969,"135790246812345,2016-07-19 08:21:05"
10976,[LBS record(1)] valid mcc[460] mnc[0] lac[28730] ci[20736] rxlev[8]
10980,"135790246812345,2016-07-19 08:21:05"
10983,"[LBS filter 1] fail --other case(A), NO upload"
11121,"135790246812345,2016-07-19 08:24:52"
11124,"[LBS MOVE] rest dur(44,380) cur(20736,28730) [0](371,28721) [1](54119,28701)"
11126,"[LBS MOVE] A+B: ci=20736, lac=28730"
11149,"135790246812345,2016-07-19 08:26:51"
11152,"[LBS MOVE] rest dur(0,0) cur(20736,28730) [0](20736,28730) [1](371,28721)"
11154,"[LBS MOVE] A+A: ci=20736, lac=28730"
11170,"135790246812345,2016-07-19 08:28:52"
11173,"[LBS MOVE] rest dur(0,0) cur(20736,28730) [0](20736,28730) [1](371,28721)"
11175,"[LBS MOVE] A+A: ci=20736, lac=28730"
11198,"135790246812345,2016-07-19 08:30:52"
11201,"[LBS MOVE] rest dur(0,0) cur(20736,28730) [0](20736,28730) [1](371,28721)"
11203,"[LBS MOVE] A+A: ci=20736, lac=28730"
11226,"135790246812345,2016-07-19 08:32:52"
11229,"[LBS MOVE] rest dur(0,0) cur(20736,28730) [0](20736,28730) [1](371,28721)"
11231,"[LBS MOVE] A+A: ci=20736, lac=28730"
11247,"135790246812345,2016-07-19 08:34:53"
11250,"[LBS MOVE] rest dur(0,0) cur(20736,28730) [0](20736,28730) [1](371,28721)"
11252,"[LBS MOVE] A+A: ci=20736, lac=28730"
11275,"135790246812345,2016-07-19 08:36:53"
11278,"[LBS MOVE] rest dur(0,0) cur(20736,28730) [0](20736,28730) [1](371,28721)"
11280,"[LBS MOVE] A+A: ci=20736, lac=28730"
11303,"135790246812345,2016-07-19 08:38:52"
11306,"[LBS MOVE] rest dur(0,0) cur(20736,28730) [0](20736,28730) [1](371,28721)"
11308,"[LBS MOVE] A+A: ci=20736, lac=28730"
11324,"135790246812345,2016-07-19 08:40:53"
11327,"[LBS MOVE] rest dur(0,0) cur(20736,28730) [0](20736,28730) [1](371,28721)"
11329,"[LBS MOVE] A+A: ci=20736, lac=28730"
11352,"135790246812345,2016-07-19 08:42:53"
11355,"[LBS MOVE] rest dur(0,0) cur(20736,28730) [0](20736,28730) [1](371,28721)"
11357,"[LBS MOVE] A+A: ci=20736, lac=28730"
11380,"135790246812345,2016-07-19 08:44:52"
11383,"[LBS MOVE] rest dur(0,0) cur(20736,28730) [0](20736,28730) [1](371,28721)"
11385,"[LBS MOVE] A+A: ci=20736, lac=28730"
11401,"135790246812345,2016-07-19 08:46:53"
11404,"[LBS MOVE] rest dur(0,0) cur(20736,28730) [0](20736,28730) [1](371,28721)"
11406,"[LBS MOVE] A+A: ci=20736, lac=28730"
11429,"135790246812345,2016-07-19 08:48:52"
11432,"[LBS MOVE] rest dur(0,0) cur(20736,28730) [0](20736,28730) [1](371,28721)"
11434,"[LBS MOVE] A+A: ci=20736, lac=28730"
11457,"135790246812345,2016-07-19 08:50:53"
11460,"[LBS MOVE] rest dur(0,0) cur(20736,28730) [0](20736,28730) [1](371,28721)"
11462,"[LBS MOVE] A+A: ci=20736, lac=28730"
11478,"135790246812345,2016-07-19 08:52:53"
11481,"[LBS MOVE] rest dur(0,0) cur(20736,28730) [0](20736,28730) [1](371,28721)"
11483,"[LBS MOVE] A+A: ci=20736, lac=28730"
11506,"135790246812345,2016-07-19 08:54:53"
11509,"[LBS MOVE] rest dur(0,0) cur(20736,28730) [0](20736,28730) [1](371,28721)"
11511,"[LBS MOVE] A+A: ci=20736, lac=28730"
11534,"135790246812345,2016-07-19 08:56:53"
11537,"[LBS MOVE] rest dur(0,0) cur(20736,28730) [0](20736,28730) [1](371,28721)"
11539,"[LBS MOVE] A+A: ci=20736, lac=28730"
11555,"135790246812345,2016-07-19 08:58:53"
11558,"[LBS MOVE] rest dur(0,0) cur(20736,28730) [0](20736,28730) [1](371,28721)"
11560,"[LBS MOVE] A+A: ci=20736, lac=28730"
11583,"135790246812345,2016-07-19 09:00:53"
11586,"[LBS MOVE] rest dur(0,0) cur(20736,28730) [0](20736,28730) [1](371,28721)"
11588,"[LBS MOVE] A+A: ci=20736, lac=28730"
11611,"135790246812345,2016-07-19 09:02:53"
11614,"[LBS MOVE] rest dur(0,0) cur(20736,28730) [0](20736,28730) [1](371,28721)"
11616,"[LBS MOVE] A+A: ci=20736, lac=28730"
11632,"135790246812345,2016-07-19 09:04:53"
11635,"[LBS MOVE] rest dur(0,0) cur(20736,28730) [0](20736,28730) [1](371,28721)"
11637,"[LBS MOVE] A+A: ci=20736, lac=28730"
11660,"135790246812345,2016-07-19 09:06:53"
11663,"[LBS MOVE] rest dur(0,0) cur(20736,28730) [0](20736,28730) [1](371,28721)"
11665,"[LBS MOVE] A+A: ci=20736, lac=28730"
11688,"135790246812345,2016-07-19 09:08:53"
11691,"[LBS MOVE] rest dur(0,0) cur(20736,28730) [0](20736,28730) [1](371,28721)"
11693,"[LBS MOVE] A+A: ci=20736, lac=28730"
11709,"135790246812345,2016-07-19 09:10:53"
11712,"[LBS MOVE] rest dur(0,0) cur(20736,28730) [0](20736,28730) [1](371,28721)"
11714,"[LBS MOVE] A+A: ci=20736, lac=28730"
11737,"135790246812345,2016-07-19 09:12:53"
11740,"[LBS MOVE] rest dur(0,0) cur(20736,28730) [0](20736,28730) [1](371,28721)"
11742,"[LBS MOVE] A+A: ci=20736, lac=28730"
11765,"135790246812345,2016-07-19 09:14:53"
11768,"[LBS MOVE] rest dur(0,0) cur(20736,28730) [0](20736,28730) [1](371,28721)"
11770,"[LBS MOVE] A+A: ci=20736, lac=28730"
11786,"135790246812345,2016-07-19 09:16:54"
11789,"[LBS MOVE] rest dur(0,0) cur(20736,28730) [0](20736,28730) [1](371,28721)"
11791,"[LBS MOVE] A+A: ci=20736, lac=28730"
11814,"135790246812345,2016-07-19 09:18:54"
11817,"[LBS MOVE] rest dur(0,0) cur(20736,28730) [0](20736,28730) [1](371,28721)"
11819,"[LBS MOVE] A+A: ci=20736, lac=28730"
11842,"135790246812345,2016-07-19 09:20:54"
11845,"[LBS MOVE] rest dur(0,0) cur(20736,28730) [0](20736,28730) [1](371,28721)"
11847,"[LBS MOVE] A+A: ci=20736, lac=28730"
11863,"135790246812345,2016-07-19 09:22:54"
11866,"[LBS MOVE] rest dur(0,0) cur(20736,28730) [0](20736,28730) [1](371,28721)"
11868,"[LBS MOVE] A+A: ci=20736, lac=28730"
11891,"135790246812345,2016-07-19 09:24:54"
11894,"[LBS MOVE] rest dur(0,0) cur(20736,28730) [0](20736,28730) [1](371,28721)"
11896,"[LBS MOVE] A+A: ci=20736, lac=28730"
11919,"135790246812345,2016-07-19 09:26:54"
11922,"[LBS MOVE] rest dur(0,0) cur(20736,28730) [0](20736,28730) [1](371,28721)"
11924,"[LBS MOVE] A+A: ci=20736, lac=28730"
11940,"135790246812345,2016-07-19 09:28:54"
11943,"[LBS MOVE] rest dur(0,0) cur(20736,28730) [0](20736,28730) [1](371,28721)"
11945,"[LBS MOVE] A+A: ci=20736, lac=28730"
11968,"135790246812345,2016-07-19 09:30:54"
11971,"[LBS MOVE] rest dur(0,0) cur(20736,28730) [0](20736,28730) [1](371,28721)"
11973,"[LBS MOVE] A+A: ci=20736, lac=28730"
11996,"135790246812345,2016-07-19 09:32:54"
11999,"[LBS MOVE] rest dur(0,0) cur(20736,28730) [0](20736,28730) [1](371,28721)"
12001,"[LBS MOVE] A+A: ci=20736, lac=28730"
12017,"135790246812345,2016-07-19 09:34:54"
12020,"[LBS MOVE] rest dur(0,0) cur(20736,28730) [0](20736,28730) [1](371,28721)"
12022,"[LBS MOVE] A+A: ci=20736, lac=28730"
12045,"135790246812345,2016-07-19 09:36:54"
12048,"[LBS MOVE] rest dur(0,0) cur(20736,28730) [0](20736,28730) [1](371,28721)"
12050,"[LBS MOVE] A+A: ci=20736, lac=28730"
12073,"135790246812345,2016-07-19 09:38:54"
12076,"[LBS MOVE] rest dur(0,0) cur(20736,28730) [0](20736,28730) [1](371,28721)"
12078,"[LBS MOVE] A+A: ci=20736, lac=28730"
12094,"135790246812345,2016-07-19 09:40:54"
12097,"[LBS MOVE] rest dur(0,0) cur(20736,28730) [0](20736,28730) [1](371,28721)"
12099,"[LBS MOVE] A+A: ci=20736, lac=28730"
12122,"135790246812345,2016-07-19 09:42:54"
12125,"[LBS MOVE] rest dur(0,0) cur(20736,28730) [0](20736,28730) [1](371,28721)"
12127,"[LBS MOVE] A+A: ci=20736, lac=28730"
12150,"135790246812345,2016-07-19 09:44:54"
12153,"[LBS MOVE] rest dur(0,0) cur(20736,28730) [0](20736,28730) [1](371,28721)"
12155,"[LBS MOVE] A+A: ci=20736, lac=28730"
12171,"135790246812345,2016-07-19 09:46:54"
12174,"[LBS MOVE] rest dur(0,0) cur(20736,28730) [0](20736,28730) [1](371,28721)"
12176,"[LBS MOVE] A+A: ci=20736, lac=28730"
12199,"135790246812345,2016-07-19 09:48:54"
12202,"[LBS MOVE] rest dur(0,0) cur(20736,28730) [0](20736,28730) [1](371,28721)"
12204,"[LBS MOVE] A+A: ci=20736, lac=28730"
12227,"135790246812345,2016-07-19 09:50:53"
12230,"[LBS MOVE] rest dur(0,0) cur(20736,28730) [0](20736,28730) [1](371,28721)"
12232,"[LBS MOVE] A+A: ci=20736, lac=28730"
12248,"135790246812345,2016-07-19 09:52:54"
12251,"[LBS MOVE] rest dur(0,0) cur(20736,28730) [0](20736,28730) [1](371,28721)"
12253,"[LBS MOVE] A+A: ci=20736, lac=28730"
12276,"135790246812345,2016-07-19 09:54:54"
12279,"[LBS MOVE] rest dur(0,0) cur(20736,28730) [0](20736,28730) [1](371,28721)"
12281,"[LBS MOVE] A+A: ci=20736, lac=28730"
12304,"135790246812345,2016-07-19 09:56:54"
12307,"[LBS MOVE] rest dur(0,0) cur(20736,28730) [0](20736,28730) [1](371,28721)"
12309,"[LBS MOVE] A+A: ci=20736, lac=28730"
12325,"135790246812345,2016-07-19 09:58:55"
12328,"[LBS MOVE] rest dur(0,0) cur(20736,28730) [0](20736,28730) [1](371,28721)"
12330,"[LBS MOVE] A+A: ci=20736, lac=28730"
12353,"135790246812345,2016-07-19 10:00:55"
12356,"[LBS MOVE] rest dur(0,0) cur(20736,28730) [0](20736,28730) [1](371,28721)"
12358,"[LBS MOVE] A+A: ci=20736, lac=28730"
12381,"135790246812345,2016-07-19 10:02:54"
12384,"[LBS MOVE] rest dur(0,0) cur(20736,28730) [0](20736,28730) [1](371,28721)"
12386,"[LBS MOVE] A+A: ci=20736, lac=28730"
12402,"135790246812345,2016-07-19 10:04:55"
12405,"[LBS MOVE] rest dur(0,0) cur(20736,28730) [0](20736,28730) [1](371,28721)"
12407,"[LBS MOVE] A+A: ci=20736, lac=28730"
12430,"135790246812345,2016-07-19 10:06:55"
12433,"[LBS MOVE] rest dur(0,0) cur(20736,28730) [0](20736,28730) [1](371,28721)"
12435,"[LBS MOVE] A+A: ci=20736, lac=28730"
12458,"135790246812345,2016-07-19 10:08:54"
12461,"[LBS MOVE] rest dur(0,0) cur(20736,28730) [0](20736,28730) [1](371,28721)"
12463,"[LBS MOVE] A+A: ci=20736, lac=28730"
12479,"135790246812345,2016-07-19 10:10:55"
12482,"[LBS MOVE] rest dur(0,0) cur(20736,28730) [0](20736,28730) [1](371,28721)"
12484,"[LBS MOVE] A+A: ci=20736, lac=28730"
12507,"135790246812345,2016-07-19 10:12:55"
12510,"[LBS MOVE] rest dur(0,0) cur(20736,28730) [0](20736,28730) [1](371,28721)"
12512,"[LBS MOVE] A+A: ci=20736, lac=28730"
12535,"135790246812345,2016-07-19 10:14:54"
12538,"[LBS MOVE] rest dur(0,0) cur(20736,28730) [0](20736,28730) [1](371,28721)"
12540,"[LBS MOVE] A+A: ci=20736, lac=28730"
12556,"135790246812345,2016-07-19 10:16:55"
12559,"[LBS MOVE] rest dur(0,0) cur(20736,28730) [0](20736,28730) [1](371,28721)"
12561,"[LBS MOVE] A+A: ci=20736, lac=28730"
12584,"135790246812345,2016-07-19 10:18:55"
12587,"[LBS MOVE] rest dur(0,0) cur(20736,28730) [0](20736,28730) [1](371,28721)"
12589,"[LBS MOVE] A+A: ci=20736, lac=28730"
12612,"135790246812345,2016-07-19 10:20:54"
12615,"[LBS MOVE] rest dur(0,0) cur(20736,28730) [0](20736,28730) [1](371,28721)"
12617,"[LBS MOVE] A+A: ci=20736, lac=28730"
14046,"135790246812345,2016-07-19 10:47:36"
14053,[LBS record(1)] valid mcc[460] mnc[0] lac[28727] ci[54143] rxlev[20]
14057,"135790246812345,2016-07-19 10:47:36"
14060,"[LBS filter 1] fail --other case(A), NO upload"
14227,"135790246812345,2016-07-19 10:50:07"
14234,[LBS record(2)] valid mcc[460] mnc[0] lac[28968] ci[29356] rxlev[21]
14238,"135790246812345,2016-07-19 10:50:07"
14241,"[LBS filter 1] fail --other case(AB), NO upload"
18922,"135790246812345,2016-07-19 12:14:08"
18925,"[LBS MOVE] rest dur(229,273) cur(55272,28730) [0](20736,28730) [1](371,28721)"
18927,"[LBS MOVE] A+B: ci=55272, lac=28730"
18950,"135790246812345,2016-07-19 12:16:08"
18953,"[LBS MOVE] rest dur(0,0) cur(55272,28730) [0](55272,28730) [1](20736,28730)"
18955,"[LBS MOVE] A+A: ci=55272, lac=28730"
18971,"135790246812345,2016-07-19 12:18:09"
18974,"[LBS MOVE] rest dur(0,0) cur(55272,28730) [0](55272,28730) [1](20736,28730)"
18976,"[LBS MOVE] A+A: ci=55272, lac=28730"
18999,"135790246812345,2016-07-19 12:20:09"
19002,"[LBS MOVE] rest dur(0,0) cur(55272,28730) [0](55272,28730) [1](20736,28730)"
19004,"[LBS MOVE] A+A: ci=55272, lac=28730"
75,"135790246812345,2016-07-15 10:41:56"
82,"[LBS FILTER] upload:0 --other case(A), NO upload"
92,"135790246812345,2016-07-15 10:41:57"
96,[LBS valid] mcc[460] mnc[0] lac[28730] ci[20736] rxlev[29]
163,"135790246812345,2016-07-15 10:42:46"
169,"[LBS FILTER] upload:0 --other case(A), NO upload"
189,"135790246812345,2016-07-15 10:43:41"
192,[LBS valid] mcc[460] mnc[0] lac[28730] ci[20736] rxlev[32]
208,"135790246812345,2016-07-15 10:45:21"
211,[LBS valid] mcc[460] mnc[0] lac[28730] ci[20736] rxlev[23]
234,"135790246812345,2016-07-15 10:47:22"
237,[LBS valid] mcc[460] mnc[0] lac[28730] ci[20736] rxlev[24]
331,"135790246812345,2016-07-15 10:58:25"
338,"[LBS FILTER] upload:0 --other case(A), NO upload"
348,"135790246812345,2016-07-15 10:58:26"
352,[LBS valid] mcc[460] mnc[0] lac[28730] ci[20736] rxlev[40]
419,"135790246812345,2016-07-15 10:59:16"
425,"[LBS FILTER] upload:0 --other case(A), NO upload"
445,"135790246812345,2016-07-15 11:00:11"
448,[LBS valid] mcc[460] mnc[0] lac[28730] ci[20736] rxlev[35]
526,"135790246812345,2016-07-15 11:00:29"
532,"[LBS FILTER] upload:0 --other case(A), NO upload"
623,"135790246812345,2016-07-15 11:07:04"
630,"[LBS FILTER] upload:0 --other case(A), NO upload"
640,"135790246812345,2016-07-15 11:07:05"
644,[LBS valid] mcc[460] mnc[0] lac[28730] ci[20736] rxlev[32]
711,"135790246812345,2016-07-15 11:07:56"
717,"[LBS FILTER] upload:0 --other case(A), NO upload"
737,"135790246812345,2016-07-15 11:08:50"
740,[LBS valid] mcc[460] mnc[0] lac[28730] ci[20736] rxlev[26]
756,"135790246812345,2016-07-15 11:10:31"
759,[LBS valid] mcc[460] mnc[0] lac[28730] ci[20736] rxlev[25]
782,"135790246812345,2016-07-15 11:12:31"
785,[LBS valid] mcc[460] mnc[0] lac[28730] ci[20736] rxlev[29]
821,"135790246812345,2016-07-15 11:15:29"
828,"[LBS FILTER] upload:0 --other case(A), NO upload"
914,"135790246812345,2016-07-15 11:16:20"
920,"[LBS FILTER] upload:0 --other case(A), NO upload"
1019,"135790246812345,2016-07-15 11:17:33"
1025,"[LBS FILTER] upload:0 --other case(A), NO upload"
1119,"135790246812345,2016-07-15 11:18:45"
1125,"[LBS FILTER] upload:0 --other case(A), NO upload"
1229,"135790246812345,2016-07-15 11:19:59"
1235,"[LBS FILTER] upload:0 --other case(A), NO upload"
1323,"135790246812345,2016-07-15 11:21:10"
1329,"[LBS FILTER] upload:0 --other case(A), NO upload"
1419,"135790246812345,2016-07-15 11:23:36"
1426,"[LBS FILTER] upload:0 --other case(A), NO upload"
1505,"135790246812345,2016-07-15 11:24:28"
1511,"[LBS FILTER] upload:1 --upload case(AA), upload"
1513,[LBS valid] mcc[460] mnc[0] lac[28730] ci[20736] rxlev[24]
1601,"135790246812345,2016-07-15 11:25:39"
1607,"[LBS FILTER] upload:0 --other case(AAA/AAB/ABA), NO upload"
1695,"135790246812345,2016-07-15 11:26:50"
1701,"[LBS FILTER] upload:0 --other case(AAA/AAB/ABA), NO upload"
1795,"135790246812345,2016-07-15 11:28:02"
1801,"[LBS FILTER] upload:0 --other case(AAA/AAB/ABA), NO upload"
1886,"135790246812345,2016-07-15 11:37:36"
1893,"[LBS FILTER] upload:0 --other case(A), NO upload"
1983,"135790246812345,2016-07-15 11:38:30"
1989,"[LBS FILTER] upload:1 --upload case(AA), upload"
1991,[LBS valid] mcc[460] mnc[0] lac[28730] ci[20736] rxlev[32]
2079,"135790246812345,2016-07-15 11:39:41"
2085,"[LBS FILTER] upload:0 --other case(AAA/AAB/ABA), NO upload"
2173,"135790246812345,2016-07-15 11:40:52"
2179,"[LBS FILTER] upload:0 --other case(AAA/AAB/ABA), NO upload"
2267,"135790246812345,2016-07-15 11:42:03"
2273,"[LBS FILTER] upload:0 --other case(AAA/AAB/ABA), NO upload"
2361,"135790246812345,2016-07-15 11:43:14"
2367,"[LBS FILTER] upload:0 --other case(AAA/AAB/ABA), NO upload"
2455,"135790246812345,2016-07-15 11:44:25"
2461,"[LBS FILTER] upload:0 --other case(AAA/AAB/ABA), NO upload"
2549,"135790246812345,2016-07-15 11:45:36"
2555,"[LBS FILTER] upload:0 --other case(AAA/AAB/ABA), NO upload"
2638,"135790246812345,2016-07-15 11:46:46"
2644,"[LBS FILTER] upload:0 --other case(AAA/AAB/ABA), NO upload"
2743,"135790246812345,2016-07-15 11:47:59"
2749,"[LBS FILTER] upload:0 --other case(AAA/AAB/ABA), NO upload"
2837,"135790246812345,2016-07-15 11:49:10"
2843,"[LBS FILTER] upload:0 --other case(AAA/AAB/ABA), NO upload"
2926,"135790246812345,2016-07-15 11:50:20"
2932,"[LBS FILTER] upload:0 --other case(AAA/AAB/ABA), NO upload"
3020,"135790246812345,2016-07-15 11:51:31"
3026,"[LBS FILTER] upload:0 --other case(AAA/AAB/ABA), NO upload"
3114,"135790246812345,2016-07-15 11:52:42"
3120,"[LBS FILTER] upload:0 --other case(AAA/AAB/ABA), NO upload"
3208,"135790246812345,2016-07-15 11:53:53"
3214,"[LBS FILTER] upload:0 --other case(AAA/AAB/ABA), NO upload"
3297,"135790246812345,2016-07-15 11:55:03"
3303,"[LBS FILTER] upload:0 --other case(AAA/AAB/ABA), NO upload"
3386,"135790246812345,2016-07-15 11:56:13"
3392,"[LBS FILTER] upload:0 --other case(AAA/AAB/ABA), NO upload"
3480,"135790246812345,2016-07-15 11:57:24"
3486,"[LBS FILTER] upload:0 --other case(AAA/AAB/ABA), NO upload"
3569,"135790246812345,2016-07-15 11:58:34"
3575,"[LBS FILTER] upload:0 --other case(AAA/AAB/ABA), NO upload"
3663,"135790246812345,2016-07-15 11:59:45"
3669,"[LBS FILTER] upload:0 --other case(AAA/AAB/ABA), NO upload"
3757,"135790246812345,2016-07-15 12:00:56"
3763,"[LBS FILTER] upload:0 --other case(AAA/AAB/ABA), NO upload"
3851,"135790246812345,2016-07-15 12:02:07"
3857,"[LBS FILTER] upload:0 --other case(AAA/AAB/ABA), NO upload"
3945,"135790246812345,2016-07-15 12:03:18"
3951,"[LBS FILTER] upload:0 --other case(AAA/AAB/ABA), NO upload"
4034,"135790246812345,2016-07-15 12:04:28"
4040,"[LBS FILTER] upload:0 --other case(AAA/AAB/ABA), NO upload"
4123,"135790246812345,2016-07-15 12:05:38"
4129,"[LBS FILTER] upload:0 --other case(AAA/AAB/ABA), NO upload"
4212,"135790246812345,2016-07-15 12:06:48"
4218,"[LBS FILTER] upload:0 --other case(AAA/AAB/ABA), NO upload"
4306,"135790246812345,2016-07-15 12:07:59"
4312,"[LBS FILTER] upload:0 --other case(AAA/AAB/ABA), NO upload"
4395,"135790246812345,2016-07-15 12:09:09"
4401,"[LBS FILTER] upload:0 --other case(AAA/AAB/ABA), NO upload"
4489,"135790246812345,2016-07-15 12:10:20"
4495,"[LBS FILTER] upload:0 --other case(AAA/AAB/ABA), NO upload"
4578,"135790246812345,2016-07-15 12:11:30"
4584,"[LBS FILTER] upload:0 --other case(AAA/AAB/ABA), NO upload"
4672,"135790246812345,2016-07-15 12:12:41"
4678,"[LBS FILTER] upload:0 --other case(AAA/AAB/ABA), NO upload"
4766,"135790246812345,2016-07-15 12:13:52"
4772,"[LBS FILTER] upload:0 --other case(AAA/AAB/ABA), NO upload"
4860,"135790246812345,2016-07-15 12:15:03"
4866,"[LBS FILTER] upload:0 --other case(AAA/AAB/ABA), NO upload"
4954,"135790246812345,2016-07-15 12:16:14"
4960,"[LBS FILTER] upload:0 --other case(AAA/AAB/ABA), NO upload"
5048,"135790246812345,2016-07-15 12:17:25"
5054,"[LBS FILTER] upload:0 --other case(AAA/AAB/ABA), NO upload"
5142,"135790246812345,2016-07-15 12:18:36"
5148,"[LBS FILTER] upload:0 --other case(AAA/AAB/ABA), NO upload"
5236,"135790246812345,2016-07-15 12:19:47"
5242,"[LBS FILTER] upload:0 --other case(AAA/AAB/ABA), NO upload"
5330,"135790246812345,2016-07-15 12:20:58"
5336,"[LBS FILTER] upload:0 --other case(AAA/AAB/ABA), NO upload"
5430,"135790246812345,2016-07-15 12:22:10"
5436,"[LBS FILTER] upload:0 --other case(AAA/AAB/ABA), NO upload"
5524,"135790246812345,2016-07-15 12:23:21"
5530,"[LBS FILTER] upload:0 --other case(AAA/AAB/ABA), NO upload"
5618,"135790246812345,2016-07-15 12:24:32"
5624,"[LBS FILTER] upload:0 --other case(AAA/AAB/ABA), NO upload"
5723,"135790246812345,2016-07-15 12:25:45"
5729,"[LBS FILTER] upload:0 --other case(AAA/AAB/ABA), NO upload"
5828,"135790246812345,2016-07-15 12:26:58"
5834,"[LBS FILTER] upload:0 --other case(AAA/AAB/ABA), NO upload"
5948,"135790246812345,2016-07-15 12:28:14"
5954,"[LBS FILTER] upload:0 --other case(AAA/AAB/ABA), NO upload"
6042,"135790246812345,2016-07-15 12:29:13"
6049,"[LBS FILTER] upload:0 --other case(A), NO upload"
6128,"135790246812345,2016-07-15 12:30:04"
6134,"[LBS FILTER] upload:1 --upload case(AA), upload"
6136,[LBS valid] mcc[460] mnc[0] lac[28730] ci[20736] rxlev[39]
6259,"135790246812345,2016-07-15 12:33:17"
6265,"[LBS FILTER] upload:0 --other case(A), NO upload"
6359,"135790246812345,2016-07-15 12:34:29"
6365,"[LBS FILTER] upload:1 --upload case(AA), upload"
6459,"135790246812345,2016-07-15 12:35:41"
6465,"[LBS FILTER] upload:0 --other case(AAA/AAB/ABA), NO upload"
6559,"135790246812345,2016-07-15 12:36:53"
6565,"[LBS FILTER] upload:0 --other case(AAA/AAB/ABA), NO upload"
6653,"135790246812345,2016-07-15 12:38:04"
6659,"[LBS FILTER] upload:0 --other case(AAA/AAB/ABA), NO upload"
6747,"135790246812345,2016-07-15 12:39:15"
6753,"[LBS FILTER] upload:0 --other case(AAA/AAB/ABA), NO upload"
6841,"135790246812345,2016-07-15 12:40:26"
6847,"[LBS FILTER] upload:0 --other case(AAA/AAB/ABA), NO upload"
6930,"135790246812345,2016-07-15 12:41:36"
6936,"[LBS FILTER] upload:0 --other case(AAA/AAB/ABA), NO upload"
7024,"135790246812345,2016-07-15 12:42:47"
7030,"[LBS FILTER] upload:0 --other case(AAA/AAB/ABA), NO upload"
7124,"135790246812345,2016-07-15 12:43:59"
7130,"[LBS FILTER] upload:0 --other case(AAA/AAB/ABA), NO upload"
7224,"135790246812345,2016-07-15 12:45:11"
7230,"[LBS FILTER] upload:0 --other case(AAA/AAB/ABA), NO upload"
7318,"135790246812345,2016-07-15 12:46:22"
7324,"[LBS FILTER] upload:0 --other case(AAA/AAB/ABA), NO upload"
7412,"135790246812345,2016-07-15 12:47:33"
7418,"[LBS FILTER] upload:0 --other case(AAA/AAB/ABA), NO upload"
7506,"135790246812345,2016-07-15 12:48:44"
7512,"[LBS FILTER] upload:0 --other case(AAA/AAB/ABA), NO upload"
7600,"135790246812345,2016-07-15 12:49:55"
7606,"[LBS FILTER] upload:0 --other case(AAA/AAB/ABA), NO upload"
7705,"135790246812345,2016-07-15 12:51:08"
7711,"[LBS FILTER] upload:0 --other case(AAA/AAB/ABA), NO upload"
7799,"135790246812345,2016-07-15 12:52:19"
7805,"[LBS FILTER] upload:0 --other case(AAA/AAB/ABA), NO upload"
7893,"135790246812345,2016-07-15 12:53:30"
7899,"[LBS FILTER] upload:0 --other case(AAA/AAB/ABA), NO upload"
7987,"135790246812345,2016-07-15 12:54:41"
7993,"[LBS FILTER] upload:0 --other case(AAA/AAB/ABA), NO upload"
8081,"135790246812345,2016-07-15 12:55:52"
8087,"[LBS FILTER] upload:0 --other case(AAA/AAB/ABA), NO upload"
8170,"135790246812345,2016-07-15 12:57:02"
8176,"[LBS FILTER] upload:0 --other case(AAA/AAB/ABA), NO upload"
8264,"135790246812345,2016-07-15 12:58:13"
8270,"[LBS FILTER] upload:0 --other case(AAA/AAB/ABA), NO upload"
8369,"135790246812345,2016-07-15 12:59:26"
8375,"[LBS FILTER] upload:0 --other case(AAA/AAB/ABA), NO upload"
8463,"135790246812345,2016-07-15 13:00:37"
8469,"[LBS FILTER] upload:0 --other case(AAA/AAB/ABA), NO upload"
8557,"135790246812345,2016-07-15 13:01:48"
8563,"[LBS FILTER] upload:0 --other case(AAA/AAB/ABA), NO upload"
8651,"135790246812345,2016-07-15 13:02:59"
8657,"[LBS FILTER] upload:0 --other case(AAA/AAB/ABA), NO upload"
8745,"135790246812345,2016-07-15 13:04:10"
8751,"[LBS FILTER] upload:0 --other case(AAA/AAB/ABA), NO upload"
8860,"135790246812345,2016-07-15 13:05:25"
8866,"[LBS FILTER] upload:0 --other case(AAA/AAB/ABA), NO upload"
8965,"135790246812345,2016-07-15 13:06:38"
8971,"[LBS FILTER] upload:0 --other case(AAA/AAB/ABA), NO upload"
9075,"135790246812345,2016-07-15 13:07:52"
9081,"[LBS FILTER] upload:0 --other case(AAA/AAB/ABA), NO upload"
9195,"135790246812345,2016-07-15 13:09:08"
9201,"[LBS FILTER] upload:0 --other case(AAA/AAB/ABA), NO upload"
9310,"135790246812345,2016-07-15 13:10:23"
9316,"[LBS FILTER] upload:0 --other case(AAA/AAB/ABA), NO upload"
9425,"135790246812345,2016-07-15 13:11:38"
9431,"[LBS FILTER] upload:0 --other case(AAA/AAB/ABA), NO upload"
9530,"135790246812345,2016-07-15 13:12:51"
9536,"[LBS FILTER] upload:0 --other case(AAA/AAB/ABA), NO upload"
9675,"135790246812345,2016-07-15 13:14:12"
9681,"[LBS FILTER] upload:0 --other case(AAA/AAB/ABA), NO upload"
9795,"135790246812345,2016-07-15 13:15:28"
9801,"[LBS FILTER] upload:0 --other case(AAA/AAB/ABA), NO upload"
9905,"135790246812345,2016-07-15 13:16:42"
9911,"[LBS FILTER] upload:0 --other case(AAA/AAB/ABA), NO upload"
10015,"135790246812345,2016-07-15 13:17:56"
10021,"[LBS FILTER] upload:0 --other case(AAA/AAB/ABA), NO upload"
13719,"135790246812345,2016-07-15 17:34:17"
13726,[LBS record(1)] valid mcc[460] mnc[0] lac[28730] ci[20736] rxlev[39]
13879,"135790246812345,2016-07-15 17:35:21"
13886,[LBS record(2)] valid mcc[460] mnc[0] lac[28730] ci[20736] rxlev[39]
13890,"135790246812345,2016-07-15 17:35:21"
13893,"[LBS filter 1] pass --upload case(AA), upload"
13895,[LBS filter 2] pass
13897,[LBS upload] valid mcc[460] mnc[0] lac[28730] ci[20736] rxlev[39]
14047,"135790246812345,2016-07-15 17:36:51"
14054,[LBS record(3)] valid mcc[460] mnc[0] lac[28730] ci[20736] rxlev[40]
14058,"135790246812345,2016-07-15 17:36:51"
14061,"[LBS filter 1] fail --other case(AAA/AAB/ABA), NO upload"
14204,"135790246812345,2016-07-15 17:38:21"
14211,[LBS record(3)] valid mcc[460] mnc[0] lac[28730] ci[20736] rxlev[43]
14215,"135790246812345,2016-07-15 17:38:21"
14218,"[LBS filter 1] fail --other case(AAA/AAB/ABA), NO upload"
14368,"135790246812345,2016-07-15 17:39:50"
14375,[LBS record(3)] valid mcc[460] mnc[0] lac[28730] ci[20736] rxlev[38]
14379,"135790246812345,2016-07-15 17:39:50"
14382,"[LBS filter 1] fail --other case(AAA/AAB/ABA), NO upload"
14711,"135790246812345,2016-07-15 18:49:20"
14718,[LBS record(1)] valid mcc[460] mnc[0] lac[28730] ci[20735] rxlev[24]
14722,"135790246812345,2016-07-15 18:49:20"
14725,"[LBS filter 1] fail --other case(A), NO upload"
15194,"135790246812345,2016-07-15 19:00:24"
15201,[LBS record(1)] valid mcc[460] mnc[0] lac[28730] ci[25870] rxlev[43]
15205,"135790246812345,2016-07-15 19:00:24"
15208,"[LBS filter 1] fail --other case(A), NO upload"
15387,"135790246812345,2016-07-15 19:02:55"
15394,[LBS record(2)] valid mcc[460] mnc[0] lac[28730] ci[45074] rxlev[17]
15398,"135790246812345,2016-07-15 19:02:55"
15401,"[LBS filter 1] fail --other case(AB), NO upload"
15568,"135790246812345,2016-07-15 19:05:25"
15575,[LBS record(3)] valid mcc[460] mnc[0] lac[28730] ci[45074] rxlev[26]
15579,"135790246812345,2016-07-15 19:05:25"
15582,"[LBS filter 1] pass --upload case(ABB/ABC), upload"
15584,[LBS filter 2] pass
15586,[LBS upload] valid mcc[460] mnc[0] lac[28730] ci[45074] rxlev[26]
15836,"135790246812345,2016-07-15 19:13:55"
15843,[LBS record(1)] valid mcc[460] mnc[0] lac[28730] ci[45074] rxlev[26]
15847,"135790246812345,2016-07-15 19:13:55"
15850,"[LBS filter 1] fail --other case(A), NO upload"
18544,"135790246812345,2016-07-15 20:31:11"
18551,[LBS record(1)] valid mcc[460] mnc[0] lac[28727] ci[54143] rxlev[11]
18555,"135790246812345,2016-07-15 20:31:11"
18558,"[LBS filter 1] fail --other case(A), NO upload"
20333,"135790246812345,2016-07-15 20:58:54"
20340,[LBS record(1)] valid mcc[460] mnc[0] lac[28978] ci[1685] rxlev[18]
20344,"135790246812345,2016-07-15 20:58:54"
20347,"[LBS filter 1] fail --other case(A), NO upload"
20830,"135790246812345,2016-07-15 21:07:07"
20837,[LBS record(1)] valid mcc[460] mnc[0] lac[28978] ci[7521] rxlev[23]
20841,"135790246812345,2016-07-15 21:07:07"
20844,"[LBS filter 1] fail --other case(A), NO upload"
21582,"135790246812345,2016-07-15 21:18:11"
21589,[LBS record(1)] valid mcc[460] mnc[0] lac[28718] ci[15691] rxlev[15]
21593,"135790246812345,2016-07-15 21:18:11"
21596,"[LBS filter 1] fail --other case(A), NO upload"
29405,"135790246812345,2016-07-16 09:02:58"
29412,[LBS record(1)] valid mcc[460] mnc[0] lac[28718] ci[5692] rxlev[18]
29416,"135790246812345,2016-07-16 09:02:58"
29419,"[LBS filter 1] fail --other case(A), NO upload"
29582,"135790246812345,2016-07-16 09:05:28"
29589,[LBS record(2)] valid mcc[460] mnc[0] lac[28718] ci[5692] rxlev[22]
29593,"135790246812345,2016-07-16 09:05:28"
29596,"[LBS filter 1] pass --upload case(AA), upload"
29598,[LBS filter 2] pass
29600,[LBS upload] valid mcc[460] mnc[0] lac[28718] ci[5692] rxlev[22]
29770,"135790246812345,2016-07-16 09:07:58"
29777,[LBS record(3)] valid mcc[460] mnc[0] lac[28718] ci[5692] rxlev[25]
29781,"135790246812345,2016-07-16 09:07:58"
29784,"[LBS filter 1] fail --other case(AAA/AAB/ABA), NO upload"
29984,"135790246812345,2016-07-16 09:10:35"
29991,[LBS record(3)] valid mcc[460] mnc[0] lac[28718] ci[20241] rxlev[34]
29995,"135790246812345,2016-07-16 09:10:35"
29998,"[LBS filter 1] fail --other case(AAA/AAB/ABA), NO upload"
30525,"135790246812345,2016-07-16 09:16:10"
30532,[LBS record(1)] valid mcc[460] mnc[0] lac[28718] ci[20241] rxlev[29]
30536,"135790246812345,2016-07-16 09:16:10"
30539,"[LBS filter 1] fail --other case(A), NO upload"
30706,"135790246812345,2016-07-16 09:18:40"
30713,[LBS record(2)] valid mcc[460] mnc[0] lac[28718] ci[20241] rxlev[23]
30717,"135790246812345,2016-07-16 09:18:40"
30720,"[LBS filter 1] pass --upload case(AA), upload"
30722,[LBS filter 2] pass
30724,[LBS upload] valid mcc[460] mnc[0] lac[28718] ci[20241] rxlev[23]
31203,"135790246812345,2016-07-16 09:33:41"
31210,[LBS record(1)] valid mcc[460] mnc[0] lac[28718] ci[15692] rxlev[12]
31214,"135790246812345,2016-07-16 09:33:41"
31217,"[LBS filter 1] fail --other case(A), NO upload"
31969,"135790246812345,2016-07-16 09:47:13"
31976,[LBS record(1)] valid mcc[460] mnc[0] lac[28718] ci[312] rxlev[36]
31980,"135790246812345,2016-07-16 09:47:13"
31983,"[LBS filter 1] fail --other case(A), NO upload"
32183,"135790246812345,2016-07-16 09:51:31"
32190,[LBS record(1)] valid mcc[460] mnc[0] lac[28718] ci[312] rxlev[25]
32194,"135790246812345,2016-07-16 09:51:31"
32197,"[LBS filter 1] fail --other case(A), NO upload"
34869,"135790246812345,2016-07-16 10:22:59"
34876,[LBS record(1)] valid mcc[460] mnc[0] lac[28969] ci[23981] rxlev[23]
34880,"135790246812345,2016-07-16 10:22:59"
34883,"[LBS filter 1] fail --other case(A), NO upload"
35053,"135790246812345,2016-07-16 10:25:05"
35060,[LBS record(2)] valid mcc[460] mnc[0] lac[28969] ci[23981] rxlev[32]
35064,"135790246812345,2016-07-16 10:25:05"
35067,"[LBS filter 1] pass --upload case(AA), upload"
35069,[LBS filter 2] pass
35071,[LBS upload] valid mcc[460] mnc[0] lac[28969] ci[23981] rxlev[32]
38629,"135790246812345,2016-07-16 11:16:34"
38636,[LBS record(1)] valid mcc[460] mnc[0] lac[28728] ci[41082] rxlev[20]
38640,"135790246812345,2016-07-16 11:16:34"
38643,"[LBS filter 1] fail --other case(A), NO upload"
38816,"135790246812345,2016-07-16 11:18:58"
38823,[LBS record(2)] valid mcc[460] mnc[0] lac[28728] ci[41082] rxlev[27]
38827,"135790246812345,2016-07-16 11:18:58"
38830,"[LBS filter 1] pass --upload case(AA), upload"
38832,[LBS filter 2] pass
38834,[LBS upload] valid mcc[460] mnc[0] lac[28728] ci[41082] rxlev[27]
39013,"135790246812345,2016-07-16 11:21:23"
39020,[LBS record(3)] valid mcc[460] mnc[0] lac[28728] ci[41082] rxlev[4]
39024,"135790246812345,2016-07-16 11:21:23"
39027,"[LBS filter 1] fail --other case(AAA/AAB/ABA), NO upload"
39189,"135790246812345,2016-07-16 11:23:47"
39196,[LBS record(3)] valid mcc[460] mnc[0] lac[28728] ci[34314] rxlev[26]
39200,"135790246812345,2016-07-16 11:23:47"
39203,"[LBS filter 1] fail --other case(AAA/AAB/ABA), NO upload"
39373,"135790246812345,2016-07-16 11:26:11"
39380,[LBS record(3)] valid mcc[460] mnc[0] lac[28728] ci[41082] rxlev[23]
39384,"135790246812345,2016-07-16 11:26:11"
39387,"[LBS filter 1] fail --other case(AAA/AAB/ABA), NO upload"
39569,"135790246812345,2016-07-16 11:28:35"
39576,[LBS record(1)] valid mcc[460] mnc[0] lac[28728] ci[41082] rxlev[17]
39580,"135790246812345,2016-07-16 11:28:35"
39583,"[LBS filter 1] fail --other case(A), NO upload"
41015,"135790246812345,2016-07-16 11:35:28"
41022,[LBS record(2)] valid mcc[460] mnc[0] lac[28728] ci[41082] rxlev[18]
41026,"135790246812345,2016-07-16 11:35:28"
41029,"[LBS filter 1] pass --upload case(AA), upload"
41031,[LBS filter 2] fail
41198,"135790246812345,2016-07-16 11:37:53"
41205,[LBS record(3)] valid mcc[460] mnc[0] lac[28728] ci[41082] rxlev[19]
41209,"135790246812345,2016-07-16 11:37:53"
41212,"[LBS filter 1] fail --other case(AAA/AAB/ABA), NO upload"
45696,"135790246812345,2016-07-16 18:14:28"
45703,[LBS record(1)] valid mcc[460] mnc[0] lac[28728] ci[34314] rxlev[21]
45707,"135790246812345,2016-07-16 18:14:28"
45710,"[LBS filter 1] fail --other case(A), NO upload"
45880,"135790246812345,2016-07-16 18:16:52"
45887,[LBS record(2)] valid mcc[460] mnc[0] lac[28728] ci[41082] rxlev[20]
45891,"135790246812345,2016-07-16 18:16:52"
45894,"[LBS filter 1] fail --other case(AB), NO upload"
46280,"135790246812345,2016-07-16 18:20:06"
46287,[LBS record(3)] valid mcc[460] mnc[0] lac[28728] ci[51081] rxlev[9]
46291,"135790246812345,2016-07-16 18:20:06"
46294,"[LBS filter 1] pass --upload case(ABB/ABC), upload"
46296,[LBS filter 2] pass
46298,[LBS upload] valid mcc[460] mnc[0] lac[28728] ci[51081] rxlev[9]
46468,"135790246812345,2016-07-16 18:22:30"
46475,[LBS record(3)] valid mcc[460] mnc[0] lac[28728] ci[41082] rxlev[27]
46479,"135790246812345,2016-07-16 18:22:30"
46482,"[LBS filter 1] fail --other case(AAA/AAB/ABA), NO upload"
48004,"135790246812345,2016-07-16 18:29:23"
48011,[LBS record(3)] valid mcc[460] mnc[0] lac[28728] ci[51081] rxlev[32]
48015,"135790246812345,2016-07-16 18:29:23"
48018,"[LBS filter 1] fail --other case(AAA/AAB/ABA), NO upload"
48185,"135790246812345,2016-07-16 18:31:47"
48192,[LBS record(3)] valid mcc[460] mnc[0] lac[28728] ci[41081] rxlev[41]
48196,"135790246812345,2016-07-16 18:31:47"
48199,"[LBS filter 1] pass --upload case(ABB/ABC), upload"
48201,[LBS filter 2] pass
48203,[LBS upload] valid mcc[460] mnc[0] lac[28728] ci[41081] rxlev[41]
48382,"135790246812345,2016-07-16 18:34:12"
48389,[LBS record(3)] valid mcc[460] mnc[0] lac[28728] ci[51081] rxlev[34]
48393,"135790246812345,2016-07-16 18:34:12"
48396,"[LBS filter 1] fail --other case(AAA/AAB/ABA), NO upload"
